data,legenda,url_instagram,caminho_imagem,likes
2025-09-23 14:46:28-03:00,"DecoraÃ§Ã£o & Detalhes 
Super indicaÃ§Ãµes ğŸ˜",https://www.instagram.com/p/DO9CII3kYO8/,decorando.comluana\2025-09-23_17-46-28_UTC.jpg,38
2025-09-22 14:32:54-03:00,1Â° Aninho da nossa ClarağŸ“,https://www.instagram.com/p/DO6bx4UEZpd/,decorando.comluana\2025-09-22_17-32-54_UTC.jpg,36
2025-09-22 14:46:01-03:00,"Foi Lindo ver vocÃª Brincar com as amiguinhas e primas, ver seu sorriso, sua alegria, ver vocÃª comer as comidinhas do Buffet, vocÃª aproveitou cada cantinho feito especialmente para vocÃª. 

Planejar seu 1Â° aniversÃ¡rio me fez voltar a infÃ¢ncia, o tema da Moranguinho Vintage Ã© pura nostalgiağŸ˜ 

Ã€ minha famÃ­lia e Amigos, foi Lindo ver todos vocÃªs nesse momento tÃ£o importante, eu sou muito grata pela presenÃ§a de todos. Ã vocÃªs todo o meu carinho. 

Teve pessoas muito especiais que nÃ£o conseguiram estar presente, mas estava em meu coraÃ§Ã£oâ¤ï¸ 

Obrigada Ã¡ minha mÃ£e, que esteve comigo, me ajudou em tudo que precisei e estÃ¡ presente.

Obrigada a meu eterno Amor Felipe por ser o companheiro de todos os detalhes e planejamento. Quase surtou mas se manteve aqui ğŸ«¶ğŸ¼

Era nÃ­tido ver como vocÃª estava Feliz por nÃ³s e Sempre irei dizer que A SUA FELICIDADE SEMPRE SERÃ A MINHA FELICIDADE.
GratidÃ£o a MINHA TÃƒO AMADA QUERIDA IRMÃƒ que despertou um sonho que nÃ£o sabia que eu tinha, muito obrigada por cuidar de nÃ³s, por estar aqui comigo todos os dias, sinto o cuidado de Deus atravÃ©s de sua vida. Obrigada ao meu cunhado que estava em viagem a trabalho e esteve aqui â¤ï¸

E por fim, Ã¡ todos Clarinha saberÃ¡ um pouquinho de cada um â¤ï¸",https://www.instagram.com/p/DO6dR-Kkaqi/,decorando.comluana\2025-09-22_17-46-01_UTC.jpg,52
2025-12-01 14:03:48-03:00,Tema: Galinha Pintadinha ğŸ¶,https://www.instagram.com/p/DRuoGAKkXg3/,decorando.comluana\2025-12-01_17-03-48_UTC.jpg,3
2025-11-29 18:18:11-03:00,Tema: Circo ğŸª ğŸ¤¹â€â™€ï¸,https://www.instagram.com/p/DRp7nW8EuD5/,decorando.comluana\2025-11-29_21-18-11_UTC.jpg,4
2025-11-29 15:45:26-03:00,Tema: Jardim Encantado ğŸŒ¸ğŸ¦‹ğŸ¦,https://www.instagram.com/p/DRpqIlJEaT3/,decorando.comluana\2025-11-29_18-45-26_UTC.jpg,2
2025-11-25 15:52:07-03:00,Tema: Jardim Encantado&Borboleta ğŸ¦‹ğŸŒ¸,https://www.instagram.com/p/DRfXuG5EYwT/,decorando.comluana\2025-11-25_18-52-07_UTC.jpg,1
2025-11-25 15:44:24-03:00,Tema: Bailarina ğŸ©°,https://www.instagram.com/p/DRfW1lTEdVP/,decorando.comluana\2025-11-25_18-44-24_UTC.jpg,3
2025-11-10 20:32:08-03:00,Tema: Barbie ğŸ’‹,https://www.instagram.com/p/DQ5P10akUNS/,decorando.comluana\2025-11-10_23-32-08_UTC.jpg,2
2025-11-10 19:53:22-03:00,Tema: Morangos ğŸ“,https://www.instagram.com/p/DQ5LZ61EoTw/,decorando.comluana\2025-11-10_22-53-22_UTC.jpg,8
2025-10-02 11:26:37-03:00,,https://www.instagram.com/p/DPT2aQhEWT1/,decorando.comluana\2025-10-02_14-26-37_UTC.jpg,9
2025-09-15 21:54:47-03:00,1 Ano da nossa Flor ğŸŒ¸,https://www.instagram.com/p/DOpMyPsCOPN/,decorando.comluana\2025-09-16_00-54-47_UTC.jpg,38
2025-09-02 19:26:54-03:00,Tema: Sonic âœ¨ï¸,https://www.instagram.com/p/DOHdhuJEtV8/,decorando.comluana\2025-09-02_22-26-54_UTC.jpg,5
2025-09-02 19:24:16-03:00,,https://www.instagram.com/p/DOHdOVZEm3g/,decorando.comluana\2025-09-02_22-24-16_UTC.jpg,2
2025-08-31 22:15:07-03:00,Tema: Moranguinho ğŸ“,https://www.instagram.com/p/DOCnL8BDNI3/,decorando.comluana\2025-09-01_01-15-07_UTC.jpg,7
2025-08-23 20:25:02-03:00,"DecoraÃ§Ã£o: Jardim Encantado ğŸ¦‹ğŸŒ¸

#decoracaoinfantil #decoraÃ§Ã£o #borboletas #borboleta #festainfantil #festas",https://www.instagram.com/p/DNt0Oq0XsQl/,decorando.comluana\2025-08-23_23-25-02_UTC.jpg,7
2025-08-21 21:49:10-03:00,Tema: Margarida ğŸŒ¼,https://www.instagram.com/p/DNo0RMVM6a2/,decorando.comluana\2025-08-22_00-49-10_UTC.jpg,4
2025-08-18 21:51:44-03:00,Tema: Super Mario ğŸ„ğŸ®,https://www.instagram.com/p/DNhGLSisGzl/,decorando.comluana\2025-08-19_00-51-44_UTC.jpg,4
2025-08-16 08:19:42-03:00,Tema: Poderoso Chefinho ğŸ¼,https://www.instagram.com/p/DNafqCkOnyd/,decorando.comluana\2025-08-16_11-19-42_UTC.jpg,6
2025-08-13 09:04:17-03:00,Tema: Debutante,https://www.instagram.com/p/DNS2YCeRaWI/,decorando.comluana\2025-08-13_12-04-17_UTC.jpg,5
2025-08-13 08:54:50-03:00,Tema: Vingadores ğŸ‘Š,https://www.instagram.com/p/DNS1S2Cxcmy/,decorando.comluana\2025-08-13_11-54-50_UTC.jpg,3
2025-08-04 16:27:50-03:00,"Tema: Turma da MÃ´nica ğŸ‰
Parceria: Buffet Lanbele ğŸ˜",https://www.instagram.com/p/DM8d-t6yIJS/,decorando.comluana\2025-08-04_19-27-50_UTC.jpg,17
2025-07-27 20:22:20-03:00,"DecoraÃ§Ã£o Stich & Angel ğŸ’™ğŸ’œ

#decoraÃ§Ã£o #festainfantil #festas #balÃµes #infantil #buffetborabora #instagram #decoracaoinfantil #alegria #stich #angel",https://www.instagram.com/p/DMoSJoASqSC/,decorando.comluana\2025-07-27_23-22-20_UTC.jpg,6
2025-07-25 12:40:57-03:00,"DecoraÃ§Ã£o Patrulha Canina ğŸ¦´ğŸ¶

#festainfantil 
#festainfantil
#decoraÃ§Ã£o #infantil #balÃµes #patrulhacanina",https://www.instagram.com/p/DMiT8xfsg_w/,decorando.comluana\2025-07-25_15-40-57_UTC.jpg,19
2025-07-17 18:45:12-03:00,"DecoraÃ§Ã£o de Festa Hello Kity ğŸ¤

#decoraÃ§Ã£o 
#instagram 
#infantil 
#decoracaoinfantil 
#hellokitty 
#buffetborabora 
#festainfantil 
#festas",https://www.instagram.com/p/DMOXIuRSGvz/,decorando.comluana\2025-07-17_21-45-12_UTC.jpg,10
2025-07-12 20:18:57-03:00,"Tema: Branca de NeveğŸ

#decoraÃ§Ã£o 
#balÃµes 
#festas 
#festainfantil 
#instagram 
#buffetborabora 
#buffetinfantil 
#princesa 
#disney",https://www.instagram.com/p/DMBpp4KSxd2/,decorando.comluana\2025-07-12_23-18-57_UTC.jpg,35
2025-07-07 20:33:01-03:00,DecoraÃ§Ã£o 15 anos ğŸª©,https://www.instagram.com/p/DL0zyA2scy8/,decorando.comluana\2025-07-07_23-33-01_UTC.jpg,7
2025-07-06 12:05:29-03:00,#barbie #decoraÃ§Ã£o #decoraÃ§Ã£oinfantil #festainfantil,https://www.instagram.com/p/DLxU572sO-p/,decorando.comluana\2025-07-06_15-05-29_UTC.jpg,9
2025-07-05 17:48:10-03:00,#decoraÃ§Ã£o #festainfantil #festas #aniversarioinfantil #aniversario #clean,https://www.instagram.com/p/DLvXU8VyPiR/,decorando.comluana\2025-07-05_20-48-10_UTC.jpg,13
2025-06-28 15:11:12-03:00,Tema: Stitch&Angel ğŸŒº,https://www.instagram.com/p/DLdDzIWxrQM/,decorando.comluana\2025-06-28_18-11-12_UTC.jpg,10
2025-06-23 20:06:05-03:00,Tema: Minnie ğŸ€,https://www.instagram.com/p/DLQtkkPyxkS/,decorando.comluana\2025-06-23_23-06-05_UTC.jpg,14
2025-06-21 21:09:44-03:00,Tema: Cinderela ğŸ‘¸ğŸ¼,https://www.instagram.com/p/DLLrQ_4s2g3/,decorando.comluana\2025-06-22_00-09-44_UTC.jpg,14
2025-06-15 16:02:26-03:00,Tema: Stitch & Angel ğŸŒº,https://www.instagram.com/p/DK7rVAESDGn/,decorando.comluana\2025-06-15_19-02-26_UTC.jpg,12
2025-06-09 11:38:31-03:00,Tema: Vera e o Reino do Arco-Ãris ğŸŒˆ,https://www.instagram.com/p/DKrwWtqMoUz/,decorando.comluana\2025-06-09_14-38-31_UTC.jpg,13
2025-05-14 01:26:14-03:00,Tema: Bolo fofo ğŸ¶,https://www.instagram.com/p/DJntneVM5EV/,decorando.comluana\2025-05-14_04-26-14_UTC.jpg,19
2025-05-14 00:44:50-03:00,"OlÃ¡ minhas Queridas Clientes, Ã© com muita GratidÃ£o em meu coraÃ§Ã£o que venho agradecer a todas que estÃ£o aqui durante esses 8 anos acompanhando toda nossa evoluÃ§Ã£o e tambem Ã¡s nossas clientes que estÃ£o chegando agora, gratidÃ£o pela confianÃ§a. Estou passando para comunicar que mudamos toda logÃ­stica da nossa loja fÃ­sica, assim mudando de endereÃ§o para mesma regiÃ£o bem pertinho do endereÃ§o antigo e no momento estamos fazendo apenas atendimento online, temos nosso espaÃ§o fÃ­sico porÃ©m estamos apenas liberando kit Pegue&Monte, mas continuamos a realizar as decoraÃ§Ãµes completas tambÃ©m. Depois que tivemos a nossa Clara foi necessÃ¡rio fazer essa grande mudanÃ§a, por um tempo precisei limitar  minha agenda e estar presente em 2 lugares ao mesmo tempo, na vida da Clara e no trabalho. Por aqui continuamos trabalhando bastante, temos uma equipe para atendÃª-las nas entregas e montagens, continuamos a nossa parceria com os Buffets Lanbele, Buffet Bora Bora e os atendimentos online que inclusive temos bastante demanda, peÃ§o a compreensÃ£o de todas estamos trabalhando para melhorias. E aqui sigo nessa fase de maternidade na qual a PaciÃªncia Ã© a nossa grande aliada. Eu agradeÃ§o demais a todas vocÃªs por acreditarem em nosso trabalho durante todas as nossas mudanÃ§as, fases e evoluÃ§Ã£o. E agradeÃ§o por todos os feedbacks que para mim sÃ£o muito importantes.

GratidÃ£o, a nossa Parceira @elysilvestre29 uma decoradora completa, ela tem toda nossa confianÃ§a. Aos @buffetlanbele 
& @buffetborabora que nos recebeu com muito carinho, confiou em nosso trabalho e estamos juntos a anos realizando sonhos, Super indicamosğŸ˜. As todas as nossas clientes e a minha familia que nos ajudou nesse momento.
VocÃªs estÃ£o em minhas oraÃ§Ãµes diÃ¡riasâ¤ï¸

Deus abenÃ§oe nossos filhos pois Ã© por eles que estamos aqui eternizando cada momento â¤ï¸",https://www.instagram.com/p/DJnmhvJsAYN/,decorando.comluana\2025-05-14_03-44-50_UTC.jpg,41
2025-01-24 20:58:16-03:00,Tema: Jardim Encantado ğŸŒ¸,https://www.instagram.com/p/DFOkThnSREt/,decorando.comluana\2025-01-24_23-58-16_UTC.jpg,13
2025-01-24 20:53:01-03:00,Tema: BorboletağŸ¦‹ & Jardim EncantadoğŸŒ¸,https://www.instagram.com/p/DFOjtA7yDRh/,decorando.comluana\2025-01-24_23-53-01_UTC.jpg,19
2024-12-02 17:13:19-03:00,Tema: Magali Baby ğŸ‰,https://www.instagram.com/p/DDFsbkGp9K6/,decorando.comluana\2024-12-02_20-13-19_UTC.jpg,12
2024-12-02 17:07:49-03:00,Tema: Abelhinha ğŸğŸ¯,https://www.instagram.com/p/DDFrzSwJ-gY/,decorando.comluana\2024-12-02_20-07-49_UTC.jpg,10
2024-11-26 19:45:31-03:00,ğŸ˜,https://www.instagram.com/p/DC2hFCGJSYf/,decorando.comluana\2024-11-26_22-45-31_UTC.jpg,12
2024-10-07 13:06:02-03:00,"DecoraÃ§Ã£o GratidÃ£o 
Kit EconÃ´mico ğŸ¤©",https://www.instagram.com/p/DA1DnXGpqwM/,decorando.comluana\2024-10-07_16-06-02_UTC.jpg,10
2024-10-07 12:18:14-03:00,DecoraÃ§Ã£o Rose Gold,https://www.instagram.com/p/DA0-JS7J_GH/,decorando.comluana\2024-10-07_15-18-14_UTC.jpg,9
2024-09-21 12:40:32-03:00,DecoraÃ§Ã£o LilÃ¡s,https://www.instagram.com/p/DALz-oMJP6Z/,decorando.comluana\2024-09-21_15-40-32_UTC.jpg,12
2024-09-21 12:29:47-03:00,DecoraÃ§Ã£o 15 anos,https://www.instagram.com/p/DALyv4cp7wH/,decorando.comluana\2024-09-21_15-29-47_UTC.jpg,13
2024-09-21 12:26:21-03:00,DecoraÃ§Ã£o BelağŸŒ¹,https://www.instagram.com/p/DALyWwLpwSw/,decorando.comluana\2024-09-21_15-26-21_UTC.jpg,6
2024-09-17 15:54:29-03:00,DecoraÃ§Ã£o Glitter Rose Gold,https://www.instagram.com/p/DAB2_lSJW2r/,decorando.comluana\2024-09-17_18-54-29_UTC.jpg,10
2024-09-17 15:53:16-03:00,DecoraÃ§Ã£o Adulta,https://www.instagram.com/p/DAB22vPp7tP/,decorando.comluana\2024-09-17_18-53-16_UTC.jpg,7
2024-08-26 04:12:54-03:00,"Uma Super indicaÃ§Ã£oğŸ¤©
Variedades de Temas & DocinhosğŸ˜
Confere lÃ¡ @_nrfestas",https://www.instagram.com/p/C_H9N2HOn2X/,decorando.comluana\2024-08-26_07-12-54_UTC.jpg,5
2024-08-24 15:54:56-03:00,DecoraÃ§Ã£o Ana CastelağŸ‘¢,https://www.instagram.com/p/C_ED9_oPjsp/,decorando.comluana\2024-08-24_18-54-56_UTC.jpg,10
2024-08-24 10:49:18-03:00,DecoraÃ§Ã£o Monstros S.A. ğŸ‘§ğŸ»,https://www.instagram.com/p/C_Dg_Z_Jc3x/,decorando.comluana\2024-08-24_13-49-18_UTC.jpg,22
2024-08-18 07:29:54-03:00,,https://www.instagram.com/p/C-ztZrKR4uF/,decorando.comluana\2024-08-18_10-29-54_UTC.jpg,3
2024-08-18 07:26:50-03:00,DecoraÃ§Ã£o Moana BabyğŸŒº,https://www.instagram.com/p/C-ztDR8ROpx/,decorando.comluana\2024-08-18_10-26-50_UTC.jpg,7
2024-08-16 19:29:41-03:00,DecoraÃ§Ã£o Venellope ğŸªğŸ©ğŸ­ğŸ¬ğŸ§,https://www.instagram.com/p/C-v2L1ZJi30/,decorando.comluana\2024-08-16_22-29-41_UTC.jpg,4
2024-08-16 19:14:51-03:00,DecoraÃ§Ã£o Princesas ğŸ‘‘,https://www.instagram.com/p/C-v0fJcppdl/,decorando.comluana\2024-08-16_22-14-51_UTC.jpg,15
2024-08-13 05:04:10-03:00,DecoraÃ§Ã£o LoL ğŸ€,https://www.instagram.com/p/C-mkv8uuuEB/,decorando.comluana\2024-08-13_08-04-10_UTC.jpg,6
2024-08-13 04:56:46-03:00,"Super indicaÃ§Ã£oğŸ¤©

@rk_convites_digitais",https://www.instagram.com/p/C-mj5vpOEwn/,decorando.comluana\2024-08-13_07-56-46_UTC.jpg,3
2024-08-12 10:40:11-03:00,DecoraÃ§Ã£o Mario&Luigi ğŸ®ğŸ„,https://www.instagram.com/p/C-kmaMmJcxZ/,decorando.comluana\2024-08-12_13-40-11_UTC.jpg,4
2024-08-12 10:38:34-03:00,DecoraÃ§Ã£o Mickey ğŸ˜,https://www.instagram.com/p/C-kmOW9pnka/,decorando.comluana\2024-08-12_13-38-34_UTC.jpg,8
2024-08-08 21:58:09-03:00,DecoraÃ§Ã£o Bento&TotÃ³ ğŸ‘¦ğŸ»ğŸ¶,https://www.instagram.com/p/C-bg0Lip67B/,decorando.comluana\2024-08-09_00-58-09_UTC.jpg,8
2024-08-08 21:45:15-03:00,"Levei meu Arthur para ficar um dia na loja comigo, quando me viro levo essa surpresinhağŸ¥°
FilhosğŸ©µ",https://www.instagram.com/p/C-bfVrwJUV3/,decorando.comluana\2024-08-09_00-45-15_UTC.jpg,16
2024-07-09 11:53:03-03:00,DecoraÃ§Ã£o Game ğŸ®,https://www.instagram.com/p/C9NLuIkphHQ/,decorando.comluana\2024-07-09_14-53-03_UTC.jpg,9
2024-07-09 11:48:25-03:00,DecoraÃ§Ã£o Thomas e seus Amigos ğŸš‚,https://www.instagram.com/p/C9NLMF4pqjz/,decorando.comluana\2024-07-09_14-48-25_UTC.jpg,9
2024-07-01 14:27:19-03:00,DecoraÃ§Ã£o Rei LeÃ£oğŸ¦,https://www.instagram.com/p/C843A9Up830/,decorando.comluana\2024-07-01_17-27-19_UTC.jpg,10
2024-07-01 14:25:20-03:00,"DecoraÃ§Ã£o MinionsğŸŒ
Kit EconÃ´micoğŸ¤©",https://www.instagram.com/p/C842ybtppzB/,decorando.comluana\2024-07-01_17-25-20_UTC.jpg,8
2024-06-23 13:30:25-03:00,DecoraÃ§Ã£o Hotweels ğŸ›,https://www.instagram.com/p/C8kKJQfJjTn/,decorando.comluana\2024-06-23_16-30-25_UTC.jpg,7
2024-06-23 13:25:34-03:00,DecoraÃ§Ã£o CocoricÃ³ ğŸ´ğŸ„ğŸ”ğŸ“ğŸ½,https://www.instagram.com/p/C8kJlt9Jeg0/,decorando.comluana\2024-06-23_16-25-34_UTC.jpg,12
2024-06-22 19:27:57-03:00,"â†ªï¸ PeÃ§as Avulsas Ã  partir R$ 5,00
â†ªï¸ Kit Pegue&Monte Ã  partir R$ 100,00
â†ªï¸ Kit EconÃ´mico Ã  partir R$ 350,00
â†ªï¸ DecoraÃ§Ã£o completa Ã  partir de R$ 450,00
â†ªï¸ Brinquedos Ã  partir de R$ 40,00",https://www.instagram.com/p/C8iOQ8lpvk3/,decorando.comluana\2024-06-22_22-27-57_UTC.jpg,4
2024-06-22 18:59:16-03:00,DecoraÃ§Ã£o A casa mÃ¡gica da GabiğŸ±,https://www.instagram.com/p/C8iK-8qJhgW/,decorando.comluana\2024-06-22_21-59-16_UTC.jpg,11
2024-06-17 08:06:39-03:00,DecoraÃ§Ã£o Circo ğŸ¤¹â€â™€ï¸ğŸªğŸ¿,https://www.instagram.com/p/C8UIUrqu14b/,decorando.comluana\2024-06-17_11-06-39_UTC.jpg,11
2024-06-15 13:18:39-03:00,DecoraÃ§Ã£o Peppa Pig ğŸ½,https://www.instagram.com/p/C8Pib-kJq02/,decorando.comluana\2024-06-15_16-18-39_UTC.jpg,23
2024-05-22 18:45:00-03:00,DecoraÃ§Ã£o ChÃ¡ de bebÃª ğŸ˜,https://www.instagram.com/p/C7SUtQvpQsR/,decorando.comluana\2024-05-22_21-45-00_UTC.jpg,15
2024-05-22 18:41:44-03:00,,https://www.instagram.com/p/C7SUVUoJrOz/,decorando.comluana\2024-05-22_21-41-44_UTC.jpg,7
2024-05-22 18:40:26-03:00,DecoraÃ§Ã£o Hello Kitty ğŸ€,https://www.instagram.com/p/C7SULzhJMfM/,decorando.comluana\2024-05-22_21-40-26_UTC.jpg,14
2024-05-12 23:05:18-03:00,FilhosğŸ’,https://www.instagram.com/p/C65CjCPNGhC/,decorando.comluana\2024-05-13_02-05-18_UTC.jpg,3
2024-05-11 19:57:51-03:00,FamÃ­liaâ£ï¸,https://www.instagram.com/p/C62ITSQpM6H/,decorando.comluana\2024-05-11_22-57-51_UTC.jpg,5
2024-05-06 11:06:53-03:00,"DecoraÃ§Ã£o PooL Party ğŸ©´â˜€ï¸
Kit EconÃ´micoğŸ¤©",https://www.instagram.com/p/C6oTj5OsmVq/,decorando.comluana\2024-05-06_14-06-53_UTC.jpg,5
2024-04-23 09:13:02-03:00,"DecoraÃ§Ã£o Tardezinha ğŸŒ…
Kit EconÃ´mico ğŸ¤©",https://www.instagram.com/p/C6GoMqduK9j/,decorando.comluana\2024-04-23_12-13-02_UTC.jpg,5
2024-04-23 09:08:57-03:00,"DecoraÃ§Ã£o Adulta 
Kit EconÃ´mico ğŸ¤©",https://www.instagram.com/p/C6Gnuv0u8Bz/,decorando.comluana\2024-04-23_12-08-57_UTC.jpg,9
2024-04-14 14:52:19-03:00,DecoraÃ§Ã£o DiÃ¡rio de um VampiroğŸ«€,https://www.instagram.com/p/C5wD3zFpcmv/,decorando.comluana\2024-04-14_17-52-19_UTC.jpg,5
2024-04-14 14:48:20-03:00,DecoraÃ§Ã£o 15 anos ğŸ¥³,https://www.instagram.com/p/C5wDar3JGbI/,decorando.comluana\2024-04-14_17-48-20_UTC.jpg,7
2024-04-10 17:55:45-03:00,DecoraÃ§Ã£o Adulta 60 anos ğŸ¥³,https://www.instagram.com/p/C5mFr2mJb0A/,decorando.comluana\2024-04-10_20-55-45_UTC.jpg,14
2024-04-02 22:05:24-03:00,"DecoraÃ§Ã£o Adulta 
Nosso Kit EconÃ´micoğŸ¤©",https://www.instagram.com/p/C5R75XzJEjb/,decorando.comluana\2024-04-03_01-05-24_UTC.jpg,7
2024-04-02 22:00:01-03:00,"Temosâ¤µï¸ 
â¡ï¸ Kit Pegue&Monte ğŸ¥³
â¡ï¸ LocaÃ§Ã£o de PeÃ§as Avulsas ğŸ‰
â¡ï¸ Sistema de Entrega&Retirada (Mediante taxa de localidade) ğŸšš
â¡ï¸ Sistema de Retirada&DevoluÃ§Ã£o em nossa LojağŸ›",https://www.instagram.com/p/C5R7R4AJ__O/,decorando.comluana\2024-04-03_01-00-01_UTC.jpg,13
2024-03-29 15:34:51-03:00,DecoraÃ§Ã£o MinnieğŸ€,https://www.instagram.com/p/C5G8BUJpCiC/,decorando.comluana\2024-03-29_18-34-51_UTC.jpg,11
2024-03-22 10:25:50-03:00,DecoraÃ§Ã£o SolğŸŒ,https://www.instagram.com/p/C40XF7_O3PZ/,decorando.comluana\2024-03-22_13-25-50_UTC.jpg,14
2024-03-02 09:24:38-03:00,DecoraÃ§Ã£o Jardim Encantado ğŸª»ğŸŒ·ğŸŒ»,https://www.instagram.com/p/C4AwMN3uxx2/,decorando.comluana\2024-03-02_12-24-38_UTC.jpg,15
2024-03-02 09:19:32-03:00,DecoraÃ§Ã£o EncantoğŸ•¯,https://www.instagram.com/p/C4Avm1wuwfo/,decorando.comluana\2024-03-02_12-19-32_UTC.jpg,4
2024-02-25 11:33:23-03:00,DecoraÃ§Ã£o Jardim Encantado ğŸŒ»ğŸŒ·ğŸª»,https://www.instagram.com/p/C3xiJ-AuO9J/,decorando.comluana\2024-02-25_14-33-23_UTC.jpg,3
2024-02-25 11:31:26-03:00,DecoraÃ§Ã£o Luluca ğŸ§ğŸ¼,https://www.instagram.com/p/C3xh7mdOwkC/,decorando.comluana\2024-02-25_14-31-26_UTC.jpg,13
2024-02-25 09:02:33-03:00,"Desenvolvemos todos os temasğŸ˜
DecoraÃ§Ã£o Completa & Kit Pegue&MonteğŸ¥³",https://www.instagram.com/p/C3xQ5M6utSf/,decorando.comluana\2024-02-25_12-02-33_UTC.jpg,1
2024-02-14 12:43:40-03:00,"Ser crianÃ§a Ã© uma Festa, por isso comemore cada momento da vida delesğŸ¥³
HÃ¡.. o sorriso de nossos filhosâ¤ï¸",https://www.instagram.com/p/C3VVdG-sHUX/,decorando.comluana\2024-02-14_15-43-40_UTC.jpg,13
2024-02-06 07:49:40-03:00,DecoraÃ§Ã£o Thomas e Seus Amigos ğŸš‚,https://www.instagram.com/p/C3ANcs0OfkX/,decorando.comluana\2024-02-06_10-49-40_UTC.jpg,10
2024-02-06 07:44:09-03:00,DecoraÃ§Ã£o Macquen ğŸš˜,https://www.instagram.com/p/C3AM0TKOmLG/,decorando.comluana\2024-02-06_10-44-09_UTC.jpg,3
2024-01-23 10:15:43-03:00,DecoraÃ§Ã£o Toy Story âš½ï¸ğŸ§¸ğŸš™,https://www.instagram.com/p/C2cbCMnOHBD/,decorando.comluana\2024-01-23_13-15-43_UTC.jpg,11
2024-01-20 15:57:43-03:00,DecoraÃ§Ã£o Baby Shark ğŸ¦ˆ,https://www.instagram.com/p/C2VTyaTpeWl/,decorando.comluana\2024-01-20_18-57-43_UTC.jpg,10
2024-01-19 20:52:25-03:00,DecoraÃ§Ã£o Dino Baby ğŸ¦•,https://www.instagram.com/p/C2TQt9tp-nn/,decorando.comluana\2024-01-19_23-52-25_UTC.jpg,16
2024-01-18 10:16:46-03:00,DecoraÃ§Ã£o O Maior Pintor do MundoğŸ™,https://www.instagram.com/p/C2PjLhlO9oa/,decorando.comluana\2024-01-18_13-16-46_UTC.jpg,10
2024-01-18 09:03:41-03:00,"DecoraÃ§Ã£o Turma do MickeyğŸ˜
@buffetlanbele Unidade ll",https://www.instagram.com/p/C2Pa0MZus7_/,decorando.comluana\2024-01-18_12-03-41_UTC.jpg,18
2024-01-18 08:55:53-03:00,Feche conosco e garanta DiversÃ£o para seu filho(a)ğŸ˜ğŸ¥³,https://www.instagram.com/p/C2PZ7DEOwNN/,decorando.comluana\2024-01-18_11-55-53_UTC.jpg,33
2024-01-18 08:39:39-03:00,"DecoraÃ§Ã£o VingadoresğŸ‘Š
Kit EconÃ´micoğŸ¤©",https://www.instagram.com/p/C2PYEP_On0w/,decorando.comluana\2024-01-18_11-39-39_UTC.jpg,2
2024-01-11 13:48:28-03:00,DecoraÃ§Ã£o VingadoresğŸ‘Š,https://www.instagram.com/p/C19514fJZPz/,decorando.comluana\2024-01-11_16-48-28_UTC.jpg,8
2023-12-17 13:19:08-03:00,DecoraÃ§Ã£o Homem AranhağŸ•¸,https://www.instagram.com/p/C09enNeuds6/,decorando.comluana\2023-12-17_16-19-08_UTC.jpg,3
2023-12-17 13:18:25-03:00,DecoraÃ§Ã£o Mario ğŸ®,https://www.instagram.com/p/C09eh_Lutbb/,decorando.comluana\2023-12-17_16-18-25_UTC.jpg,3
2023-12-17 12:15:37-03:00,DecoraÃ§Ã£o MickeyğŸ˜,https://www.instagram.com/p/C09XWB7OJ_4/,decorando.comluana\2023-12-17_15-15-37_UTC.jpg,4
2023-12-17 12:08:38-03:00,DecoraÃ§Ã£o Sonic ğŸ®,https://www.instagram.com/p/C09Wi45uEgv/,decorando.comluana\2023-12-17_15-08-38_UTC.jpg,3
2023-12-10 17:02:18-03:00,"DecoraÃ§Ã£o BalÃ£oğŸˆ
Parceria com @buffetlanbele Unidade 2",https://www.instagram.com/p/C0r2lmRJ6zX/,decorando.comluana\2023-12-10_20-02-18_UTC.jpg,10
2023-12-09 14:40:51-03:00,DecoraÃ§Ã£o YouTube â–¶ï¸ğŸ§,https://www.instagram.com/p/C0pBmv8JDbM/,decorando.comluana\2023-12-09_17-40-51_UTC.jpg,4
2023-12-08 10:42:26-03:00,DecoraÃ§Ã£o One Piece âš“ï¸,https://www.instagram.com/p/C0mBhkZuJYB/,decorando.comluana\2023-12-08_13-42-26_UTC.jpg,13
2023-12-04 17:17:14-03:00,DecoraÃ§Ã£o Bolo Fofo ğŸ¶,https://www.instagram.com/p/C0cbhyCJggF/,decorando.comluana\2023-12-04_20-17-14_UTC.jpg,26
2023-12-04 08:58:49-03:00,Vamos Celebrar ğŸ¥³,https://www.instagram.com/p/C0bifPHutbD/,decorando.comluana\2023-12-04_11-58-49_UTC.jpg,3
2023-12-03 18:53:56-03:00,DecoraÃ§Ã£o Turma do Mickey&Natal ğŸ„,https://www.instagram.com/p/C0aBzJqp70k/,decorando.comluana\2023-12-03_21-53-56_UTC.jpg,33
2023-12-03 18:43:24-03:00,DecoraÃ§Ã£o De repente 30 & Rose Gold,https://www.instagram.com/p/C0aAl-RJeUZ/,decorando.comluana\2023-12-03_21-43-24_UTC.jpg,9
2023-11-26 13:41:54-03:00,DecoraÃ§Ã£o Rose Gold,https://www.instagram.com/p/C0HchiUp0Lg/,decorando.comluana\2023-11-26_16-41-54_UTC.jpg,12
2023-11-26 13:38:28-03:00,DecoraÃ§Ã£o ChÃ¡ de BebÃª ğŸ©·,https://www.instagram.com/p/C0HcIYpp91c/,decorando.comluana\2023-11-26_16-38-28_UTC.jpg,31
2023-11-19 13:26:11-03:00,DecoraÃ§Ã£o ChÃ¡ RevelaÃ§Ã£o ğŸ’œğŸ’š,https://www.instagram.com/p/Cz1ZKTvOfqD/,decorando.comluana\2023-11-19_16-26-11_UTC.jpg,10
2023-11-19 13:23:23-03:00,ChÃ¡ de BebÃª ğŸ©·,https://www.instagram.com/p/Cz1Y1ybOy0u/,decorando.comluana\2023-11-19_16-23-23_UTC.jpg,5
2023-11-19 13:22:28-03:00,DecoraÃ§Ã£o Princesas ğŸ‘‘,https://www.instagram.com/p/Cz1YvDoObAn/,decorando.comluana\2023-11-19_16-22-28_UTC.jpg,4
2023-11-19 13:20:53-03:00,DecoraÃ§Ã£o Barbie ğŸ’‹,https://www.instagram.com/p/Cz1YjjBusGl/,decorando.comluana\2023-11-19_16-20-53_UTC.jpg,7
2023-11-19 13:10:22-03:00,MÃªs de Dezembro iremos atender normalmenteğŸ¤©,https://www.instagram.com/p/Cz1XWcLu0AA/,decorando.comluana\2023-11-19_16-10-22_UTC.jpg,7
2023-11-16 18:04:31-03:00,"DecoraÃ§Ã£o SafariğŸ¦ğŸ¯ğŸµ
ChÃ¡ do NoahğŸ˜
Mais uma vez a MamÃ£e Bea esta aqui â¤ï¸",https://www.instagram.com/p/CzuKoUsJ6o8/,decorando.comluana\2023-11-16_21-04-31_UTC.jpg,8
2023-11-16 18:02:26-03:00,DecoraÃ§Ã£o Dino Baby ğŸ¦–,https://www.instagram.com/p/CzuKZB-Jgy6/,decorando.comluana\2023-11-16_21-02-26_UTC.jpg,5
2023-11-15 09:24:01-03:00,DecoraÃ§Ã£o Arca de NoÃ© ğŸ˜ğŸ¦’ğŸ¦“,https://www.instagram.com/p/CzqqRJjOufu/,decorando.comluana\2023-11-15_12-24-01_UTC.jpg,7
2023-11-15 09:22:35-03:00,"DecoraÃ§Ã£o Adulta
De Repente 60",https://www.instagram.com/p/CzqqGp6uDIL/,decorando.comluana\2023-11-15_12-22-35_UTC.jpg,1
2023-11-15 09:21:00-03:00,"DecoraÃ§Ã£o Multicolor 
De Repente 30",https://www.instagram.com/p/Czqp7AeOVNJ/,decorando.comluana\2023-11-15_12-21-00_UTC.jpg,3
2023-11-15 09:18:29-03:00,DecoraÃ§Ã£o BelağŸŒ¹,https://www.instagram.com/p/CzqpolCuiWf/,decorando.comluana\2023-11-15_12-18-29_UTC.jpg,3
2023-11-11 01:09:29-03:00,"DecoraÃ§Ã£o LolğŸ€
Parceria com Buffet LanbeleğŸ‰",https://www.instagram.com/p/Czfefm2M6_D/,decorando.comluana\2023-11-11_04-09-29_UTC.jpg,3
2023-11-11 01:07:41-03:00,"DecoraÃ§Ã£o Barbie ğŸ‘ 
Kit EconÃ´mico + Arco de balÃµes & Caixa da Barbie.",https://www.instagram.com/p/CzfeSdTMQvN/,decorando.comluana\2023-11-11_04-07-41_UTC.jpg,11
2023-11-10 11:16:45-03:00,"Garanta sua reservağŸ¤©
Fecharemos o ano com PROMOÃ‡Ã•ES.",https://www.instagram.com/p/Czd_MecOP_1/,decorando.comluana\2023-11-10_14-16-45_UTC.jpg,0
2023-11-09 18:38:55-03:00,DecoraÃ§Ã£o Patrulha Canina ğŸ¶,https://www.instagram.com/p/CzcNAICJ08a/,decorando.comluana\2023-11-09_21-38-55_UTC.jpg,5
2023-11-09 18:37:49-03:00,DecoraÃ§Ã£o Mcquen ğŸš˜,https://www.instagram.com/p/CzcM4AypS7_/,decorando.comluana\2023-11-09_21-37-49_UTC.jpg,2
2023-11-08 09:57:07-03:00,DecoraÃ§Ã£o Homem de Ferro âœ¨ï¸,https://www.instagram.com/p/CzYsfb7uWFk/,decorando.comluana\2023-11-08_12-57-07_UTC.jpg,4
2023-11-08 09:51:13-03:00,DecoraÃ§Ã£o Sonic ğŸ®,https://www.instagram.com/p/CzYr0OEOHg3/,decorando.comluana\2023-11-08_12-51-13_UTC.jpg,3
2023-11-08 09:49:38-03:00,"DecoraÃ§Ã£o Mickey ğŸ˜
2Â° Aninho fazendo a festa do Lucasâ¤ï¸",https://www.instagram.com/p/CzYropEOU6W/,decorando.comluana\2023-11-08_12-49-38_UTC.jpg,6
2023-11-08 09:46:16-03:00,FaÃ§a um Bom diağŸŒ·ğŸ™,https://www.instagram.com/p/CzYrP8IO65C/,decorando.comluana\2023-11-08_12-46-16_UTC.jpg,0
2023-11-02 11:18:20-03:00,"DecoraÃ§Ã£o 15 anos ğŸª©
Kit EconÃ´mico & Arco de BalÃµesğŸˆ",https://www.instagram.com/p/CzJZBHROB9y/,decorando.comluana\2023-11-02_14-18-20_UTC.jpg,3
2023-11-02 11:16:12-03:00,"DecoraÃ§Ã£o Wandinha ğŸ•¸
Kit EconÃ´mico & Arco de BalÃµesğŸˆ",https://www.instagram.com/p/CzJYxaEOm25/,decorando.comluana\2023-11-02_14-16-12_UTC.jpg,1
2023-11-02 09:02:01-03:00,DecoraÃ§Ã£o Harry Potter ğŸ§™â€â™‚ï¸,https://www.instagram.com/p/CzJJaoSOUY9/,decorando.comluana\2023-11-02_12-02-01_UTC.jpg,4
2023-10-31 12:30:36-03:00,E hoje teve Halloween ğŸƒ na empresa Hershey ğŸ¤©,https://www.instagram.com/p/CzEXspuur5j/,decorando.comluana\2023-10-31_15-30-36_UTC.jpg,16
2023-10-29 20:35:24-03:00,"DecoraÃ§Ã£o Magali ğŸ‰
2Â° Ano fazendo a Festa da ManuğŸ˜
Grata por estar aqui mamÃ£e Juliana",https://www.instagram.com/p/CzAFlpZpPbv/,decorando.comluana\2023-10-29_23-35-24_UTC.jpg,9
2023-10-29 20:17:18-03:00,Estamos trabalhando com muita dedicaÃ§Ã£o e fazendo melhorias no atendimento. AgradeÃ§o a todas as minhas clientes pela compreensÃ£o e por estarem aqui confiando sempre em nÃ³s.,https://www.instagram.com/p/CzADhGeJSed/,decorando.comluana\2023-10-29_23-17-18_UTC.jpg,27
2023-10-29 20:02:31-03:00,DecoraÃ§Ã£o Galinha Pintadinha ğŸ¶,https://www.instagram.com/p/CzAB0wDp_lu/,decorando.comluana\2023-10-29_23-02-31_UTC.jpg,17
2023-10-25 16:38:41-03:00,"DecoraÃ§Ã£o Spidey e seus Amigos EspetacularesğŸ•¸

E uma Super Parceria com Buffet Lanbele - Unidade 2",https://www.instagram.com/p/Cy1XUZeJh6S/,decorando.comluana\2023-10-25_19-38-41_UTC.jpg,9
2023-10-25 12:43:56-03:00,"DecoraÃ§Ã£o Bolo Fofo ğŸµ
Mais um modelinho a pedido da cliente.",https://www.instagram.com/p/Cy08dBauxax/,decorando.comluana\2023-10-25_15-43-56_UTC.jpg,9
2023-10-24 12:48:43-03:00,DecoraÃ§Ã£o Tie Dye,https://www.instagram.com/p/CyyYNL9OSVb/,decorando.comluana\2023-10-24_15-48-43_UTC.jpg,8
2023-10-24 12:46:16-03:00,DecoraÃ§Ã£o Minnie & Mickey BabyğŸ¼,https://www.instagram.com/p/CyyX7LTO-k0/,decorando.comluana\2023-10-24_15-46-16_UTC.jpg,6
2023-10-24 12:38:35-03:00,"Solicite um orÃ§amento â¤µï¸
â†ªï¸ DecoraÃ§Ã£o Completa
â†ªï¸ Pegue&Monte 
â†ªï¸ LocaÃ§Ã£o de peÃ§as avulsas 
â†ªï¸ Brinquedos",https://www.instagram.com/p/CyyXC-yuqaO/,decorando.comluana\2023-10-24_15-38-35_UTC.jpg,3
2023-10-18 16:16:35-03:00,DecoraÃ§Ã£o Adulta,https://www.instagram.com/p/CyjTOUrpowy/,decorando.comluana\2023-10-18_19-16-35_UTC.jpg,21
2023-10-07 09:19:27-03:00,DecoraÃ§Ã£o Adulta,https://www.instagram.com/p/CyGOvnBOdwo/,decorando.comluana\2023-10-07_12-19-27_UTC.jpg,8
2023-10-04 09:24:24-03:00,"DecoraÃ§Ã£o Rose Gold

Doces: @bembomdoces.oficial",https://www.instagram.com/p/Cx-g7OluB9x/,decorando.comluana\2023-10-04_12-24-24_UTC.jpg,6
2023-10-04 09:22:33-03:00,DecoraÃ§Ã£o Rose Gold,https://www.instagram.com/p/Cx-gto0O0JX/,decorando.comluana\2023-10-04_12-22-33_UTC.jpg,11
2023-10-02 13:24:32-03:00,Cuide-se e assim cuidarÃ¡ de quem te amağŸ’,https://www.instagram.com/p/Cx5y0QQOGxY/,decorando.comluana\2023-10-02_16-24-32_UTC.jpg,4
2023-10-01 21:12:12-03:00,"Por traz de cada DecoraÃ§Ã£o Ã  uma mÃ£e, Ã  uma histÃ³ria. E a mÃ£e desse dia Ã© uma mÃ£e guerreira, se dedicou do comeÃ§o ao fim sem pausa alguma, com a roupa do corpo comeÃ§ou, com a roupa do corpo terminou, tudo para ver sua filha feliz e sair tudo perfeito. 
Nossa conversa reforÃ§ou, que nÃ³s mÃ£es nÃ£o estamos sozinhas, que a nossa forÃ§a Ã© Deus e nossos filhos.
Como foi gratificante fazer parte desse dia. Realmente Silvia, Deus prepara cada momento e nÃ£o foi atoa aquela nossa conversa. 
NÃ£o Ã© apenas trabalhar com festa, Ã© o contato com cada mÃ£e com seu bem mais precioso â™¥ï¸
Um grande abraÃ§o minha Querida ClienteğŸŒ·",https://www.instagram.com/p/Cx4DittpnkG/,decorando.comluana\2023-10-02_00-12-12_UTC.jpg,18
2023-09-30 17:01:01-03:00,"DecoraÃ§Ã£o Barbie Bailarina ğŸ©°
4Â° Ano fazendo parte desse momento, o dia da ManuğŸ˜
Desde a 1Â° locaÃ§Ã£o do bolo fake, do kit Pegue&Monte e da DecoraÃ§Ã£o Completa. Imensamente grata por ter vocÃªs aqui @biia.guimaraes e Papai da Manu. AgradeÃ§o a Deus pela vida de vocÃªs, estÃ£o em minhas oraÃ§Ãµes. Grata pela confianÃ§a e por ser pais tÃ£o dedicados Ã© de aquecer o coraÃ§Ã£o. Grata por TODAS as clientes que atÃ© hoje esteve comigoâ™¥ï¸",https://www.instagram.com/p/Cx1CAGnp91k/,decorando.comluana\2023-09-30_20-01-01_UTC.jpg,33
2023-09-20 07:52:47-03:00,DecoraÃ§Ã£o Mickey Realeza ğŸ‘‘,https://www.instagram.com/p/CxaTT7IuOur/,decorando.comluana\2023-09-20_10-52-47_UTC.jpg,8
2023-09-16 15:28:12-03:00,DecoraÃ§Ã£o Bolo FofoğŸµ,https://www.instagram.com/p/CxQ0QDBppx4/,decorando.comluana\2023-09-16_18-28-12_UTC.jpg,13
2023-09-11 17:55:30-03:00,"Confiem para sempre no Senhor.
IsaÃ­as 26:4",https://www.instagram.com/p/CxENIfCJ83P/,decorando.comluana\2023-09-11_20-55-30_UTC.jpg,5
2023-09-08 15:57:35-03:00,DecoraÃ§Ã£o Mundo Bita ğŸŒ,https://www.instagram.com/p/Cw8RQRFp5gb/,decorando.comluana\2023-09-08_18-57-35_UTC.jpg,12
2023-09-07 07:29:29-03:00,DecoraÃ§Ã£o Rei LeÃ£oğŸ¦,https://www.instagram.com/p/Cw4yT92OX1a/,decorando.comluana\2023-09-07_10-29-29_UTC.jpg,11
2023-09-06 05:06:45-03:00,DecoraÃ§Ã£o AliceğŸ€,https://www.instagram.com/p/Cw19LnEOSOI/,decorando.comluana\2023-09-06_08-06-45_UTC.jpg,10
2023-08-24 08:05:27-03:00,DecoraÃ§Ã£o Masha&Urso ğŸ‘§ğŸ¼ğŸ»,https://www.instagram.com/p/CwUzTB2uNhJ/,decorando.comluana\2023-08-24_11-05-27_UTC.jpg,12
2023-08-23 09:22:43-03:00,"DecoraÃ§Ã£o Moana ğŸŒº
Kit Pegue&Monte & Arco de BalÃµesğŸˆ",https://www.instagram.com/p/CwSXWFoOEVA/,decorando.comluana\2023-08-23_12-22-43_UTC.jpg,5
2023-08-23 09:21:15-03:00,DecoraÃ§Ã£o Barbie ğŸ‘ ,https://www.instagram.com/p/CwSXLYguwOl/,decorando.comluana\2023-08-23_12-21-15_UTC.jpg,17
2023-08-20 16:16:40-03:00,"PromoÃ§Ã£o com desconto de 22%
ğŸš¨VÃ¡lido atÃ© dia 30/09/2023ğŸš¨ Reservas mediante sinal 50% do valor fechado.
âœ”ï¸kit Pegue&Monte 
âœ”ï¸DecoraÃ§Ã£o Completa 
âœ”ï¸Brinquedos",https://www.instagram.com/p/CwLYVXap3H0/,decorando.comluana\2023-08-20_19-16-40_UTC.jpg,7
2023-08-20 14:43:46-03:00,DecoraÃ§Ã£o Turma da MÃ´nicağŸ‰,https://www.instagram.com/p/CwLNs9qpV-a/,decorando.comluana\2023-08-20_17-43-46_UTC.jpg,6
2023-08-20 14:43:01-03:00,DecoraÃ§Ã£o CapitÃ£o AmÃ©rica ğŸ¦¸â€â™‚ï¸,https://www.instagram.com/p/CwLNndrJKur/,decorando.comluana\2023-08-20_17-43-01_UTC.jpg,12
2023-08-12 17:22:07-03:00,DecoraÃ§Ã£o Dinossauro ğŸ¦•,https://www.instagram.com/p/Cv25drzJubM/,decorando.comluana\2023-08-12_20-22-07_UTC.jpg,4
2023-08-12 17:20:24-03:00,DecoraÃ§Ã£o Pequeno PrÃ­ncipe ğŸ¤´ğŸ¦Š,https://www.instagram.com/p/Cv25RNnpqMJ/,decorando.comluana\2023-08-12_20-20-24_UTC.jpg,7
2023-08-09 13:14:21-03:00,DecoraÃ§Ã£o Safari ğŸ¦ğŸ¯ğŸ¦’ğŸ˜,https://www.instagram.com/p/CvuuuZyO2At/,decorando.comluana\2023-08-09_16-14-21_UTC.jpg,4
2023-08-09 09:40:30-03:00,"ğŸˆArco de BalÃµesğŸˆ
KNN Idiomas & Uninter",https://www.instagram.com/p/CvuWQMGOiNK/,decorando.comluana\2023-08-09_12-40-30_UTC.jpg,2
2023-08-09 09:37:36-03:00,Venha e Marque uma visita para melhor atendÃª-lasğŸŒ·,https://www.instagram.com/p/CvuV62iu-er/,decorando.comluana\2023-08-09_12-37-36_UTC.jpg,15
2023-08-06 14:14:44-03:00,DecoraÃ§Ã£o Borboleta ğŸ¦‹,https://www.instagram.com/p/CvnHQG8xFPw/,decorando.comluana\2023-08-06_17-14-44_UTC.jpg,30
2023-08-05 14:52:49-03:00,DecoraÃ§Ã£o Princesas ğŸ‘‘,https://www.instagram.com/p/Cvkm0JppX0g/,decorando.comluana\2023-08-05_17-52-49_UTC.jpg,14
2023-08-05 14:44:46-03:00,DecoraÃ§Ã£o Bolo fofo ğŸ¶,https://www.instagram.com/p/Cvkl5F8JTT5/,decorando.comluana\2023-08-05_17-44-46_UTC.jpg,8
2023-08-03 11:53:17-03:00,DecoraÃ§Ã£o Masha&Urso ğŸ‘§ğŸ¼ğŸ»,https://www.instagram.com/p/CvfIrWvOh68/,decorando.comluana\2023-08-03_14-53-17_UTC.jpg,8
2023-08-03 11:50:14-03:00,DecoraÃ§Ã£o Plim Plim ğŸªğŸ¤¹,https://www.instagram.com/p/CvfIVGEuHHL/,decorando.comluana\2023-08-03_14-50-14_UTC.jpg,8
2023-08-03 09:36:58-03:00,"Bom dia Minhas Queridas ClientesğŸŒ·
Para melhor atendÃª-las, estamos iniciando a semana com novos horÃ¡rios.
Venha e marque sua visitağŸ˜
Seja Bem-VindağŸŒ·",https://www.instagram.com/p/Cve5FAMONzA/,decorando.comluana\2023-08-03_12-36-58_UTC.jpg,7
2023-07-22 15:55:15-03:00,DecoraÃ§Ã£o Arca de NoÃ© ğŸ•Š,https://www.instagram.com/p/CvAq1FWJXcX/,decorando.comluana\2023-07-22_18-55-15_UTC.jpg,6
2023-07-22 15:48:04-03:00,DecoraÃ§Ã£o Patrulha Canina ğŸ¶ğŸ¦´,https://www.instagram.com/p/CvAqAgsJU0f/,decorando.comluana\2023-07-22_18-48-04_UTC.jpg,19
2023-07-21 08:50:54-03:00,DecoraÃ§Ã£o Vingadores ğŸ‘Š,https://www.instagram.com/p/Cu9VeL8u6RE/,decorando.comluana\2023-07-21_11-50-54_UTC.jpg,1
2023-07-16 11:46:13-03:00,DecoraÃ§Ã£o Circo ğŸªğŸ¿ğŸ¤¹,https://www.instagram.com/p/Cuwxj4ruwcs/,decorando.comluana\2023-07-16_14-46-13_UTC.jpg,6
2023-07-16 11:42:54-03:00,DecoraÃ§Ã£o Toy Story âš½ï¸ğŸ§¸ğŸš™,https://www.instagram.com/p/CuwxLoJuJfJ/,decorando.comluana\2023-07-16_14-42-54_UTC.jpg,5
2023-07-15 16:34:55-03:00,DecoraÃ§Ã£o Mario&Luigi ğŸ®ğŸ„,https://www.instagram.com/p/CuutziKJfQF/,decorando.comluana\2023-07-15_19-34-55_UTC.jpg,5
2023-07-15 16:33:35-03:00,DecoraÃ§Ã£o Rainbow Friends,https://www.instagram.com/p/Cuutpxqpw2C/,decorando.comluana\2023-07-15_19-33-35_UTC.jpg,8
2023-07-14 20:39:29-03:00,DecoraÃ§Ã£o Bela e a FerağŸŒ¹,https://www.instagram.com/p/Cusk_4DJVeo/,decorando.comluana\2023-07-14_23-39-29_UTC.jpg,4
2023-07-14 20:38:05-03:00,DecoraÃ§Ã£o Minie ğŸ€,https://www.instagram.com/p/Cusk1pppHEa/,decorando.comluana\2023-07-14_23-38-05_UTC.jpg,8
2023-07-13 20:47:39-03:00,DecoraÃ§Ã£o Masha&UrsoğŸ‘§ğŸ¼ğŸ»,https://www.instagram.com/p/CuqBI1oJj_t/,decorando.comluana\2023-07-13_23-47-39_UTC.jpg,7
2023-07-13 20:40:17-03:00,DecoraÃ§Ã£o Moana Baby ğŸŒº,https://www.instagram.com/p/CuqAS9AptQb/,decorando.comluana\2023-07-13_23-40-17_UTC.jpg,10
2023-07-12 16:35:45-03:00,DecoraÃ§Ã£o A casa mÃ¡gica da Gabi ğŸ±,https://www.instagram.com/p/Cum_g-JpNhn/,decorando.comluana\2023-07-12_19-35-45_UTC.jpg,8
2023-07-12 14:04:53-03:00,DecoraÃ§Ã£o Jardim Encantado ğŸª»ğŸŒ·ğŸŒ»,https://www.instagram.com/p/CumuQEMu23q/,decorando.comluana\2023-07-12_17-04-53_UTC.jpg,13
2023-07-12 13:58:21-03:00,DecoraÃ§Ã£o Stitch ğŸŒº,https://www.instagram.com/p/CumtgKaODB2/,decorando.comluana\2023-07-12_16-58-21_UTC.jpg,22
2023-07-02 18:56:35-03:00,"DecoraÃ§Ã£o Luluca ğŸ¼
Topo de Bolo @sonhosemimoss",https://www.instagram.com/p/CuNfrxSJGZx/,decorando.comluana\2023-07-02_21-56-35_UTC.jpg,14
2023-07-02 18:41:53-03:00,DecoraÃ§Ã£o Good VibesâœŒï¸,https://www.instagram.com/p/CuNeACnpPaT/,decorando.comluana\2023-07-02_21-41-53_UTC.jpg,10
2023-06-29 16:42:41-03:00,"ğŸš¨10% OFF â†ªï¸ VÃ¡lido para DecoraÃ§Ã£o (Completa) 
ğŸš¨ 20% OFF â†ªï¸ VÃ¡lido para Kit Pegue&Monte (Completo)",https://www.instagram.com/p/CuFh-XEpYu0/,decorando.comluana\2023-06-29_19-42-41_UTC.jpg,3
2023-06-27 20:22:02-03:00,"DecoraÃ§Ã£o Gato de Botas ğŸ±
Topo de Bolo @sonhosemimoss",https://www.instagram.com/p/CuAxfQbJvLb/,decorando.comluana\2023-06-27_23-22-02_UTC.jpg,8
2023-06-27 18:19:50-03:00,DecoraÃ§Ã£o Harry Potter ğŸ§™,https://www.instagram.com/p/CuAjgPOp2Jf/,decorando.comluana\2023-06-27_21-19-50_UTC.jpg,11
2023-06-27 18:14:53-03:00,"DecoraÃ§Ã£o Dia dos Namorados 
Evento no @buffetlanbele",https://www.instagram.com/p/CuAi7_5J1AM/,decorando.comluana\2023-06-27_21-14-53_UTC.jpg,10
2023-06-27 18:10:46-03:00,DecoraÃ§Ã£o Bela e a FerağŸŒ¹,https://www.instagram.com/p/CuAid2uJZcF/,decorando.comluana\2023-06-27_21-10-46_UTC.jpg,10
2023-06-14 23:50:10-03:00,DecoraÃ§Ã£o Arlequina ğŸƒ,https://www.instagram.com/p/Ctfq-T8tGqx/,decorando.comluana\2023-06-15_02-50-10_UTC.jpg,4
2023-06-11 11:33:16-03:00,"DecoraÃ§Ã£o Patrulha Canina ğŸ¶ğŸ¾
Mais uma do Patrulha saindoğŸ¤©",https://www.instagram.com/p/CtWoQeFOOzb/,decorando.comluana\2023-06-11_14-33-16_UTC.jpg,7
2023-06-11 09:06:05-03:00,DecoraÃ§Ã£o Patrulha Canina ğŸ¶ğŸ¾,https://www.instagram.com/p/CtWXadCO_BL/,decorando.comluana\2023-06-11_12-06-05_UTC.jpg,3
2023-06-11 09:03:39-03:00,DecoraÃ§Ã£o Ladybug ğŸ,https://www.instagram.com/p/CtWXIl7ugTQ/,decorando.comluana\2023-06-11_12-03-39_UTC.jpg,3
2023-06-10 18:51:34-03:00,DecoraÃ§Ã£o Mickey ğŸ¤©,https://www.instagram.com/p/CtU1n0vpCq1/,decorando.comluana\2023-06-10_21-51-34_UTC.jpg,8
2023-06-10 18:48:04-03:00,DecoraÃ§Ã£o Circo ğŸªğŸ¤¹â€â™‚ï¸ğŸ¿,https://www.instagram.com/p/CtU1OKDJo2Z/,decorando.comluana\2023-06-10_21-48-04_UTC.jpg,11
2023-06-08 12:37:27-03:00,DecoraÃ§Ã£o ToyStory ğŸ§¸âš½ï¸ğŸª,https://www.instagram.com/p/CtPBN4iuBcY/,decorando.comluana\2023-06-08_15-37-27_UTC.jpg,6
2023-06-08 12:32:02-03:00,DecoraÃ§Ã£o Aquarela ğŸ¨ğŸ–Œ,https://www.instagram.com/p/CtPAmOTuc2o/,decorando.comluana\2023-06-08_15-32-02_UTC.jpg,8
2023-06-08 08:40:30-03:00,"Crescemos Juntos! Agradecemos profundamente e possamos continuar com a sua fidelidade. Grata a minhas clientes tÃ£o queridas, familia e amigos que estiveram aqui junto comigo desde a minha 1Â° Mesa provenÃ§al ğŸ™
Deus esta no absoluto controle de tudo!",https://www.instagram.com/p/CtOmGYyuiZp/,decorando.comluana\2023-06-08_11-40-30_UTC.jpg,17
2023-06-04 12:53:41-03:00,DecoraÃ§Ã£o Urso Aviador ğŸ§¸,https://www.instagram.com/p/CtEv5V8ui3_/,decorando.comluana\2023-06-04_15-53-41_UTC.jpg,10
2023-06-04 12:45:33-03:00,"DecoraÃ§Ã£o Turma Mickey Baby ğŸ¼
1Â° Aninho do bebÃª Kayke, um bebÃª muito amado e esperado pela mamÃ£e KarineğŸ˜
Uma espera de oraÃ§Ã£o e grata por compartilhar esse momento conoscoğŸ™ 
Deus abenÃ§oou sua VindağŸ©µ",https://www.instagram.com/p/CtEu9t0uJlA/,decorando.comluana\2023-06-04_15-45-33_UTC.jpg,19
2023-06-03 13:48:10-03:00,DecoraÃ§Ã£o Minie ğŸ€,https://www.instagram.com/p/CtCRVd0ul3H/,decorando.comluana\2023-06-03_16-48-10_UTC.jpg,15
2023-06-03 13:46:22-03:00,DecoraÃ§Ã£o Jardim encantadoğŸª»,https://www.instagram.com/p/CtCRIWCOFZV/,decorando.comluana\2023-06-03_16-46-22_UTC.jpg,18
2023-05-31 16:02:48-03:00,"DecoraÃ§Ã£o Barbie ğŸ‘ 
Mais uma ğŸ¤©",https://www.instagram.com/p/Cs6yW7rJTpa/,decorando.comluana\2023-05-31_19-02-48_UTC.jpg,7
2023-05-31 15:59:48-03:00,DecoraÃ§Ã£o Barbie ğŸ‘ ,https://www.instagram.com/p/Cs6yA54JSG_/,decorando.comluana\2023-05-31_18-59-48_UTC.jpg,23
2023-05-31 07:09:02-03:00,"Caixa da Barbie ğŸ˜
CenÃ¡rio FotogrÃ¡fico disponÃ­vel para locaÃ§Ã£o ğŸ¤©",https://www.instagram.com/p/Cs51ReaOW0Z/,decorando.comluana\2023-05-31_10-09-02_UTC.jpg,28
2023-05-28 13:15:15-03:00,Obrigada por estarem aqui Minhas Queridas ClientesğŸŒ·,https://www.instagram.com/p/CsywzJVu1Fe/,decorando.comluana\2023-05-28_16-15-15_UTC.jpg,6
2023-05-28 13:10:59-03:00,DecoraÃ§Ã£o Bailarina ğŸ©°,https://www.instagram.com/p/CsywT73u4Dw/,decorando.comluana\2023-05-28_16-10-59_UTC.jpg,17
2023-05-28 11:38:24-03:00,DecoraÃ§Ã£o Jardim Encantado ğŸª»ğŸŒ·,https://www.instagram.com/p/Csylt0QODhs/,decorando.comluana\2023-05-28_14-38-24_UTC.jpg,11
2023-05-28 11:36:33-03:00,DecoraÃ§Ã£o Galinha Pintadinha ğŸ€,https://www.instagram.com/p/CsylgSzOW4o/,decorando.comluana\2023-05-28_14-36-33_UTC.jpg,9
2023-05-25 11:54:44-03:00,"Pacotes a partir de R$ 350,00 (Com BalÃµes)
Kit Pegue&Monte a partir de R$ 100,00
Ambos acompanha 2 Sistemas â¤µï¸ (Entrega&Retirada) mediante taxa de localidade ou Pegue&Monte (Retirada&DevoluÃ§Ã£o)",https://www.instagram.com/p/Csq5MwBJswW/,decorando.comluana\2023-05-25_14-54-44_UTC.jpg,7
2023-05-20 14:41:02-03:00,DecoraÃ§Ã£o Vingadores ğŸ‘ŠğŸ¼,https://www.instagram.com/p/CseUQZgJvx2/,decorando.comluana\2023-05-20_17-41-02_UTC.jpg,5
2023-05-20 14:35:06-03:00,DecoraÃ§Ã£o Free Fire ğŸª‚,https://www.instagram.com/p/CseTk_3Jp7O/,decorando.comluana\2023-05-20_17-35-06_UTC.jpg,1
2023-05-20 14:31:51-03:00,DecoraÃ§Ã£o Wandinha ğŸ•¸,https://www.instagram.com/p/CseTNMVJD_s/,decorando.comluana\2023-05-20_17-31-51_UTC.jpg,18
2023-05-20 14:30:26-03:00,DecoraÃ§Ã£o Wandinha ğŸª¦,https://www.instagram.com/p/CseTCvRpwU0/,decorando.comluana\2023-05-20_17-30-26_UTC.jpg,3
2023-05-20 14:27:39-03:00,Trabalhamos com DecoraÃ§Ã£o completa e Pegue&Monte.,https://www.instagram.com/p/CseSubxpEwe/,decorando.comluana\2023-05-20_17-27-39_UTC.jpg,10
2023-05-05 21:07:12-03:00,DecoraÃ§Ã£o Wandinha ğŸ•¸,https://www.instagram.com/p/Cr4YhnZpNwF/,decorando.comluana\2023-05-06_00-07-12_UTC.jpg,18
2023-05-03 19:45:55-03:00,DecoraÃ§Ã£o Descendentes ğŸ,https://www.instagram.com/p/CrzFoiHJywu/,decorando.comluana\2023-05-03_22-45-55_UTC.jpg,8
2023-05-03 19:42:11-03:00,DecoraÃ§Ã£o Mario&LuigiğŸ„,https://www.instagram.com/p/CrzFNR3JMpB/,decorando.comluana\2023-05-03_22-42-11_UTC.jpg,7
2023-05-03 12:57:04-03:00,DecoraÃ§Ã£o PolÃ­cia ğŸš”,https://www.instagram.com/p/CryW2F2uO_t/,decorando.comluana\2023-05-03_15-57-04_UTC.jpg,12
2023-04-27 11:29:23-03:00,DecoraÃ§Ã£o Patrulha Canina ğŸ¶ğŸ¾,https://www.instagram.com/p/CriwCpjuRQ4/,decorando.comluana\2023-04-27_14-29-23_UTC.jpg,11
2023-04-21 09:11:19-03:00,DecoraÃ§Ã£o Branca de neve ğŸ,https://www.instagram.com/p/CrTDeGBu47l/,decorando.comluana\2023-04-21_12-11-19_UTC.jpg,9
2023-04-21 08:59:16-03:00,DecoraÃ§Ã£o Turma da MÃ´nica,https://www.instagram.com/p/CrTCF6MuyPR/,decorando.comluana\2023-04-21_11-59-16_UTC.jpg,7
2023-04-18 12:55:12-03:00,DecoraÃ§Ã£o Alice no PaÃ­s das Maravilhas ğŸ€,https://www.instagram.com/p/CrLutUqO9Y9/,decorando.comluana\2023-04-18_15-55-12_UTC.jpg,9
2023-04-18 12:41:39-03:00,DecoraÃ§Ã£o Borboleta ğŸ¦‹,https://www.instagram.com/p/CrLtKGHu9L_/,decorando.comluana\2023-04-18_15-41-39_UTC.jpg,22
2023-04-12 16:09:52-03:00,"Logo mais Postaremos Kits Pegue&Monte aqui no Instagram ğŸ¥³
LocaÃ§Ã£o de peÃ§as avulsas, Kit Pegue&Monte e DecoraÃ§Ã£o completa.",https://www.instagram.com/p/Cq8oN3AJ3ul/,decorando.comluana\2023-04-12_19-09-52_UTC.jpg,8
2023-04-08 16:39:07-03:00,DecoraÃ§Ã£o UnicÃ³rnio ğŸ¦„,https://www.instagram.com/p/CqyYYfJp9wR/,decorando.comluana\2023-04-08_19-39-07_UTC.jpg,4
2023-04-08 16:36:30-03:00,DecoraÃ§Ã£o Dino Baby ğŸ¦•,https://www.instagram.com/p/CqyYFa6pkSi/,decorando.comluana\2023-04-08_19-36-30_UTC.jpg,3
2023-04-08 16:34:17-03:00,DecoraÃ§Ã£o Jardim EncantadoğŸŒ·,https://www.instagram.com/p/CqyX1LqpC2z/,decorando.comluana\2023-04-08_19-34-17_UTC.jpg,15
2023-04-08 16:30:34-03:00,PROMOÃ‡ÃƒO SEMANAL ğŸ¥³,https://www.instagram.com/p/CqyXZ9npMlX/,decorando.comluana\2023-04-08_19-30-34_UTC.jpg,2
2023-04-07 16:15:57-03:00,DecoraÃ§Ã£o Fortnite ğŸ®,https://www.instagram.com/p/Cqvw7_5pzlz/,decorando.comluana\2023-04-07_19-15-57_UTC.jpg,5
2023-04-07 15:43:33-03:00,"DecoraÃ§Ã£o Corinthians âš½ï¸
Personalizados @pamela.personalizado",https://www.instagram.com/p/CqvtOp1p0hj/,decorando.comluana\2023-04-07_18-43-33_UTC.jpg,9
2023-04-07 15:42:38-03:00,DecoraÃ§Ã£o Harley Davidson ğŸ,https://www.instagram.com/p/CqvtIBJppaA/,decorando.comluana\2023-04-07_18-42-38_UTC.jpg,9
2023-04-02 13:57:29-03:00,DecoraÃ§Ã£o Roblox ğŸ®,https://www.instagram.com/p/CqipHb1JOQP/,decorando.comluana\2023-04-02_16-57-29_UTC.jpg,6
2023-04-02 13:44:26-03:00,DecoraÃ§Ã£o PlantsXZombies ğŸŒ±ğŸ§Ÿ,https://www.instagram.com/p/Cqinn4epE5m/,decorando.comluana\2023-04-02_16-44-26_UTC.jpg,6
2023-04-02 12:38:24-03:00,DecoraÃ§Ã£o Patrulha Canina ğŸ¾ğŸ¶,https://www.instagram.com/p/CqigEP9OkUO/,decorando.comluana\2023-04-02_15-38-24_UTC.jpg,9
2023-03-31 08:24:53-03:00,DecoraÃ§Ã£o CachorrinhoğŸ¾ğŸ¶,https://www.instagram.com/p/Cqc5dsvuQx9/,decorando.comluana\2023-03-31_11-24-53_UTC.jpg,9
2023-03-30 13:07:45-03:00,ğŸ˜,https://www.instagram.com/p/Cqa1Cnmu4cA/,decorando.comluana\2023-03-30_16-07-45_UTC.jpg,8
2023-03-30 12:02:49-03:00,DecoraÃ§Ã£o Macquen ğŸ,https://www.instagram.com/p/CqatnCfOa0e/,decorando.comluana\2023-03-30_15-02-49_UTC.jpg,6
2023-03-30 12:01:06-03:00,"DecoraÃ§Ã£o Bolo fofo ğŸµ
Pegue&Monte & Arco de BalÃµesğŸˆ",https://www.instagram.com/p/CqataXQOqn_/,decorando.comluana\2023-03-30_15-01-06_UTC.jpg,11
2023-03-28 13:50:10-03:00,DecoraÃ§Ã£o Bolo Fofo ğŸµ,https://www.instagram.com/p/CqVwTeXpTzV/,decorando.comluana\2023-03-28_16-50-10_UTC.jpg,3
2023-03-28 13:45:05-03:00,DecoraÃ§Ã£o Minie ğŸ€,https://www.instagram.com/p/CqVvuTDpPtQ/,decorando.comluana\2023-03-28_16-45-05_UTC.jpg,9
2023-03-28 07:46:48-03:00,DecoraÃ§Ã£o Casamento ğŸŒ»,https://www.instagram.com/p/CqVGuLHuPzw/,decorando.comluana\2023-03-28_10-46-48_UTC.jpg,10
2023-03-27 13:26:01-03:00,DecoraÃ§Ã£o 18 anos,https://www.instagram.com/p/CqTIvywpjXx/,decorando.comluana\2023-03-27_16-26-01_UTC.jpg,14
2023-03-27 13:21:28-03:00,DecoraÃ§Ã£o 18 anos,https://www.instagram.com/p/CqTIOY4uOen/,decorando.comluana\2023-03-27_16-21-28_UTC.jpg,15
2023-03-08 10:45:59-03:00,"Arco de BalÃµesğŸˆ
Em homenagem ao nosso diağŸŒ·",https://www.instagram.com/p/Cph7VDRuVTA/,decorando.comluana\2023-03-08_13-45-59_UTC.jpg,7
2023-03-08 10:00:11-03:00,E Hoje nossa vitrine Ã© em homenagem a nÃ³s MulheresğŸŒ·,https://www.instagram.com/p/Cph2FfxuR0u/,decorando.comluana\2023-03-08_13-00-11_UTC.jpg,24
2023-03-08 09:57:46-03:00,"DecoraÃ§Ã£o Rose Gold 
Casamento ğŸ˜",https://www.instagram.com/p/Cph1z0Cu9mA/,decorando.comluana\2023-03-08_12-57-46_UTC.jpg,5
2023-03-08 09:49:09-03:00,DecoraÃ§Ã£o Stranger Things ğŸš²,https://www.instagram.com/p/Cph00vJOY9b/,decorando.comluana\2023-03-08_12-49-09_UTC.jpg,9
2023-03-08 09:38:04-03:00,DecoraÃ§Ã£o SÃ£o Paulo âš½ï¸,https://www.instagram.com/p/CphzjnoOV_N/,decorando.comluana\2023-03-08_12-38-04_UTC.jpg,5
2023-03-08 09:37:05-03:00,DecoraÃ§Ã£o SÃ£o Paulo âš½ï¸,https://www.instagram.com/p/CphzcT4OYLL/,decorando.comluana\2023-03-08_12-37-05_UTC.jpg,4
2023-03-05 16:25:03-03:00,"Mais uma Festa Dupla ğŸ˜
Frozen â„ï¸ & SÃ£o Paulo âš½ï¸",https://www.instagram.com/p/CpazvtpJ3nf/,decorando.comluana\2023-03-05_19-25-03_UTC.jpg,2
2023-03-05 16:21:22-03:00,DecoraÃ§Ã£o Frozen â„ï¸,https://www.instagram.com/p/CpazU2KpFP1/,decorando.comluana\2023-03-05_19-21-22_UTC.jpg,4
2023-03-05 16:09:57-03:00,DecoraÃ§Ã£o Bob Esponja ğŸ”,https://www.instagram.com/p/CpayBK8J-0u/,decorando.comluana\2023-03-05_19-09-57_UTC.jpg,2
2023-03-05 16:07:35-03:00,DecoraÃ§Ã£o Circo ğŸ¤¹â€â™€ï¸ğŸª,https://www.instagram.com/p/CpaxvyGJ-bB/,decorando.comluana\2023-03-05_19-07-35_UTC.jpg,2
2023-03-05 16:03:25-03:00,"DecoraÃ§Ã£o Turma da MÃ´nica 
Parceria #BuffetLanBele",https://www.instagram.com/p/CpaxRRkp4-T/,decorando.comluana\2023-03-05_19-03-25_UTC.jpg,6
2023-03-05 15:58:25-03:00,DecoraÃ§Ã£o Pj Masks,https://www.instagram.com/p/CpawstNJKTa/,decorando.comluana\2023-03-05_18-58-25_UTC.jpg,0
2023-03-05 15:56:30-03:00,DecoraÃ§Ã£o Sonic âœ¨ï¸,https://www.instagram.com/p/Cpawer3J6wX/,decorando.comluana\2023-03-05_18-56-30_UTC.jpg,2
2023-03-05 15:54:19-03:00,DecoraÃ§Ã£o Mickey ğŸ˜,https://www.instagram.com/p/CpawOt1prir/,decorando.comluana\2023-03-05_18-54-19_UTC.jpg,2
2023-03-05 15:50:30-03:00,"Festa Dupla ğŸ¥³ğŸˆ
Mickey & Ariel",https://www.instagram.com/p/CpavyqSJZMP/,decorando.comluana\2023-03-05_18-50-30_UTC.jpg,10
2023-03-05 15:48:28-03:00,DecoraÃ§Ã£o Ariel ğŸ§œğŸ»â€â™€ï¸,https://www.instagram.com/p/Cpavj25JahP/,decorando.comluana\2023-03-05_18-48-28_UTC.jpg,5
2023-02-23 10:46:32-03:00,DecoraÃ§Ã£o Frozen â„ï¸,https://www.instagram.com/p/CpAdDsHuHPk/,decorando.comluana\2023-02-23_13-46-32_UTC.jpg,5
2023-02-16 20:01:15-03:00,DecoraÃ§Ã£o Masha&Urso ğŸ‘§ğŸ¼ğŸ»,https://www.instagram.com/p/Cova-byJ9x-/,decorando.comluana\2023-02-16_23-01-15_UTC.jpg,7
2023-02-16 19:01:20-03:00,,https://www.instagram.com/p/CovUHi-JxeL/,decorando.comluana\2023-02-16_22-01-20_UTC.jpg,0
2023-02-12 14:47:21-03:00,DecoraÃ§Ã£o Safari Baby ğŸ¦ğŸ¯ğŸ¦’,https://www.instagram.com/p/Cokj30cJT7H/,decorando.comluana\2023-02-12_17-47-21_UTC.jpg,16
2023-02-12 14:29:44-03:00,DecoraÃ§Ã£o Sereia ğŸ§œğŸ»â€â™€ï¸,https://www.instagram.com/p/Cokh2zopXwj/,decorando.comluana\2023-02-12_17-29-44_UTC.jpg,13
2023-02-12 14:22:39-03:00,DecoraÃ§Ã£o Circo ğŸ¤¹â€â™€ï¸ğŸª,https://www.instagram.com/p/CokhC21JOAE/,decorando.comluana\2023-02-12_17-22-39_UTC.jpg,9
2023-02-09 21:34:29-03:00,"Meninas eu super agradeÃ§o pela confianÃ§a em nosso trabalho. FaÃ§o questÃ£o de fazer um atendimento personalizado para cada uma de vocÃªsğŸŒ· PorÃ©m com a grande demanda de msgs, estendemos nossa segunda-feira para conseguir alcanÃ§ar a todas. AtÃ© Breve ğŸ’•",https://www.instagram.com/p/CodkFGsJ7jH/,decorando.comluana\2023-02-10_00-34-29_UTC.jpg,9
2023-02-09 20:59:18-03:00,"DecoraÃ§Ã£o Moana ğŸŒº
Ontem tambÃ©m foi dia de festejar ğŸ‰",https://www.instagram.com/p/CodgDeepKqa/,decorando.comluana\2023-02-09_23-59-18_UTC.jpg,7
2023-02-09 12:15:51-03:00,Seja Bem-VindağŸŒ·,https://www.instagram.com/p/CockJlyu4x5/,decorando.comluana\2023-02-09_15-15-51_UTC.jpg,11
2023-02-08 12:11:04-03:00,DecoraÃ§Ã£o Dragon Ball âœ¨ï¸,https://www.instagram.com/p/CoZ-zm5OTEt/,decorando.comluana\2023-02-08_15-11-04_UTC.jpg,5
2023-02-08 12:03:16-03:00,DecoraÃ§Ã£o Naruto ğŸ¥,https://www.instagram.com/p/CoZ96gFuCLD/,decorando.comluana\2023-02-08_15-03-16_UTC.jpg,4
2023-02-08 12:01:24-03:00,DecoraÃ§Ã£o Bob Esponja ğŸ”,https://www.instagram.com/p/CoZ9s6rum5m/,decorando.comluana\2023-02-08_15-01-24_UTC.jpg,18
2023-02-06 06:39:48-03:00,"Tenham um Bom dia Minhas Queridas ClientesğŸŒ·
Deus esteja presente em seu dia e no dia dos nossos filhos ğŸ’•ğŸ™",https://www.instagram.com/p/CoUPTmCuleR/,decorando.comluana\2023-02-06_09-39-48_UTC.jpg,4
2023-02-05 21:54:59-03:00,DecoraÃ§Ã£o One Piece âš“ï¸,https://www.instagram.com/p/CoTTPy3pXXb/,decorando.comluana\2023-02-06_00-54-59_UTC.jpg,8
2023-02-05 21:52:47-03:00,DecoraÃ§Ã£o ToyStory ğŸ§¸âš½ï¸ğŸª,https://www.instagram.com/p/CoTS_ripxd5/,decorando.comluana\2023-02-06_00-52-47_UTC.jpg,22
2023-02-05 18:07:13-03:00,DecoraÃ§Ã£o Magali ğŸ‰,https://www.instagram.com/p/CoS5LmyJKGc/,decorando.comluana\2023-02-05_21-07-13_UTC.jpg,9
2023-02-05 18:04:46-03:00,DecoraÃ§Ã£o Skay ğŸ¶,https://www.instagram.com/p/CoS45qHpMQb/,decorando.comluana\2023-02-05_21-04-46_UTC.jpg,16
2023-02-05 05:47:55-03:00,DecoraÃ§Ã£o Boneca Metoo Doll,https://www.instagram.com/p/CoRkkz3OPPG/,decorando.comluana\2023-02-05_08-47-55_UTC.jpg,38
2023-02-05 05:25:32-03:00,,https://www.instagram.com/p/CoRiA1nO9Pg/,decorando.comluana\2023-02-05_08-25-32_UTC.jpg,8
2023-01-24 09:02:39-03:00,"DecoraÃ§Ã£o Mickey
Nosso QueridinhoğŸ˜",https://www.instagram.com/p/CnzBUh0uLE0/,decorando.comluana\2023-01-24_12-02-39_UTC.jpg,12
2023-01-24 08:53:16-03:00,Painel & Arco OrgÃ¢nicoğŸˆ,https://www.instagram.com/p/CnzAPyvuoDW/,decorando.comluana\2023-01-24_11-53-16_UTC.jpg,11
2023-01-22 20:24:06-03:00,ChÃ¡ de BebÃª Safari ğŸ¦ğŸ¯,https://www.instagram.com/p/CnvFt7QpTA0/,decorando.comluana\2023-01-22_23-24-06_UTC.jpg,7
2023-01-22 07:00:31-03:00,DecoraÃ§Ã£o Sonic âœ¨ï¸,https://www.instagram.com/p/CntpwORuFOE/,decorando.comluana\2023-01-22_10-00-31_UTC.jpg,9
2023-01-22 06:54:31-03:00,DecoraÃ§Ã£o Ariel ğŸ§œğŸ»â€â™€ï¸,https://www.instagram.com/p/CntpERZuQRp/,decorando.comluana\2023-01-22_09-54-31_UTC.jpg,5
2023-01-18 12:20:21-03:00,DecoraÃ§Ã£o Batman ğŸ¦‡,https://www.instagram.com/p/Cnj7LQ-ODwd/,decorando.comluana\2023-01-18_15-20-21_UTC.jpg,3
2023-01-18 12:08:34-03:00,DecoraÃ§Ã£o Naruto ğŸ¥,https://www.instagram.com/p/Cnj508lOZ6j/,decorando.comluana\2023-01-18_15-08-34_UTC.jpg,7
2023-01-18 12:03:40-03:00,DecoraÃ§Ã£o Arlequina,https://www.instagram.com/p/Cnj5RJAur_H/,decorando.comluana\2023-01-18_15-03-40_UTC.jpg,2
2023-01-14 16:41:25-03:00,"DecoraÃ§Ã£o Tardezinha ğŸŒ…
Kit Pegue&Monte & Arco de BalÃµesğŸˆ",https://www.instagram.com/p/CnaF31Qp_Jz/,decorando.comluana\2023-01-14_19-41-25_UTC.jpg,6
2023-01-14 16:35:38-03:00,DecoraÃ§Ã£o Moana Baby ğŸŒº,https://www.instagram.com/p/CnaFNlsJ6mL/,decorando.comluana\2023-01-14_19-35-38_UTC.jpg,16
2023-01-14 16:26:37-03:00,DecoraÃ§Ã£o Cinderela ğŸ‘‘,https://www.instagram.com/p/CnaELgtpn2A/,decorando.comluana\2023-01-14_19-26-37_UTC.jpg,24
2023-01-14 16:16:49-03:00,DecoraÃ§Ã£o RelÃ¢mpago Mcqueen ğŸš—,https://www.instagram.com/p/CnaDDwxJSQv/,decorando.comluana\2023-01-14_19-16-49_UTC.jpg,11
2023-01-12 23:40:48-03:00,"OlÃ¡ minhas Queridas ClientesğŸ™
Infelizmente perdi todas as minhas conversas no WhatsApp. Por genteleza, os cliente que ainda nÃ£o tiverem retorno me reenviem suas msg para que tenham o meu retorno ğŸ™",https://www.instagram.com/p/CnVsRzztULk/,decorando.comluana\2023-01-13_02-40-48_UTC.jpg,6
2023-01-08 13:01:09-03:00,Projeto Realizado ğŸ˜,https://www.instagram.com/p/CnKP5UHJeFp/,decorando.comluana\2023-01-08_16-01-09_UTC.jpg,20
2023-01-08 12:58:34-03:00,Projeto Ã  pedido da mamÃ£e ğŸ˜Š,https://www.instagram.com/p/CnKPmd3p2Wo/,decorando.comluana\2023-01-08_15-58-34_UTC.jpg,19
2023-01-07 18:48:00-03:00,"Combo Promocional ğŸ¤©
VÃ¡lido atÃ© 31/01/2023 (Fechando para qualquer data do ano)",https://www.instagram.com/p/CnISy2cpLlW/,decorando.comluana\2023-01-07_21-48-00_UTC.jpg,32
2023-01-07 16:34:29-03:00,"DecoraÃ§Ã£o Toy Story ğŸ§¸ğŸªâš½ï¸
Nossa 1Â° DecoraÃ§Ã£o do Ano em Parceria com @buffetlanbele",https://www.instagram.com/p/CnIDg7Spg_V/,decorando.comluana\2023-01-07_19-34-29_UTC.jpg,18
2023-01-07 15:25:05-03:00,"DecoraÃ§Ã£o Galinha Pintadinha 
Nossa 1Â° festa do ano ğŸ˜
Grata as minhas clientes tÃ£o amadas por confiar em nosso trabalho, vocÃªs estÃ£o sempre em minhas oraÃ§Ãµes, muita saÃºde e amor para nossos pequenos â¤",https://www.instagram.com/p/CnH7ks7JARm/,decorando.comluana\2023-01-07_18-25-05_UTC.jpg,6
2023-01-01 17:05:40-03:00,,https://www.instagram.com/p/Cm4qUJop9vw/,decorando.comluana\2023-01-01_20-05-40_UTC.jpg,2
2022-12-31 23:55:56-03:00,"DecoraÃ§Ã£o MÃ´nica & Magali
Nossa Ãºltima decoraÃ§Ã£o do Ano 2022 ğŸ‰ğŸ™
Grata a todas as minhas Queridas ClientesğŸŒ·",https://www.instagram.com/p/Cm20eKENjxB/,decorando.comluana\2023-01-01_02-55-56_UTC.jpg,6
2022-12-31 23:52:28-03:00,DecoraÃ§Ã£o ChÃ¡ RevelaÃ§Ã£o,https://www.instagram.com/p/Cm20EsuNPay/,decorando.comluana\2023-01-01_02-52-28_UTC.jpg,11
2022-12-31 23:50:59-03:00,DecoraÃ§Ã£o Minions ğŸŒ,https://www.instagram.com/p/Cm2z57RNK5H/,decorando.comluana\2023-01-01_02-50-59_UTC.jpg,4
2022-12-31 23:49:46-03:00,DecoraÃ§Ã£o Minecraft,https://www.instagram.com/p/Cm2zw7ct8P9/,decorando.comluana\2023-01-01_02-49-46_UTC.jpg,3
2022-12-31 23:49:11-03:00,DecoraÃ§Ã£o Homem Aranha ğŸ•¸ğŸ•·,https://www.instagram.com/p/Cm2zsvltuDv/,decorando.comluana\2023-01-01_02-49-11_UTC.jpg,4
2022-12-31 23:48:12-03:00,DecoraÃ§Ã£o Batman ğŸ¦‡,https://www.instagram.com/p/Cm2zlhbtuAR/,decorando.comluana\2023-01-01_02-48-12_UTC.jpg,1
2022-12-31 23:47:35-03:00,DecoraÃ§Ã£o Thor,https://www.instagram.com/p/Cm2zg7bt2QO/,decorando.comluana\2023-01-01_02-47-35_UTC.jpg,6
2022-12-31 23:46:11-03:00,DecoraÃ§Ã£o Henry Danger ğŸ¦¸â€â™€ï¸ğŸ¦¸â€â™‚ï¸,https://www.instagram.com/p/Cm2zWrFNTp7/,decorando.comluana\2023-01-01_02-46-11_UTC.jpg,3
2022-12-31 23:45:07-03:00,DecoraÃ§Ã£o Bela&Fera ğŸŒ¹,https://www.instagram.com/p/Cm2zO8dN2yI/,decorando.comluana\2023-01-01_02-45-07_UTC.jpg,5
2022-12-31 23:44:25-03:00,DecoraÃ§Ã£o Kuromi,https://www.instagram.com/p/Cm2zJ1wtDfB/,decorando.comluana\2023-01-01_02-44-25_UTC.jpg,9
2022-12-31 23:43:27-03:00,DecoraÃ§Ã£o Mundo BitağŸŒ,https://www.instagram.com/p/Cm2zCxBtXk7/,decorando.comluana\2023-01-01_02-43-27_UTC.jpg,5
2022-12-31 23:42:12-03:00,DecoraÃ§Ã£o Princesas ğŸ‘‘,https://www.instagram.com/p/Cm2y5imN_fc/,decorando.comluana\2023-01-01_02-42-12_UTC.jpg,3
2022-12-31 23:41:23-03:00,DecoraÃ§Ã£o Moana ğŸŒº,https://www.instagram.com/p/Cm2yzhKtCwS/,decorando.comluana\2023-01-01_02-41-23_UTC.jpg,3
2022-12-31 23:40:47-03:00,DecoraÃ§Ã£o Encanto ğŸ•¯,https://www.instagram.com/p/Cm2yvLVNwPb/,decorando.comluana\2023-01-01_02-40-47_UTC.jpg,4
2022-12-31 22:31:44-03:00,DecoraÃ§Ã£o Meninas Super Poderosas ğŸŒˆ,https://www.instagram.com/p/Cm2q1dbJiw9/,decorando.comluana\2023-01-01_01-31-44_UTC.jpg,6
2022-12-31 22:20:34-03:00,DecoraÃ§Ã£o Fortnite ğŸ®,https://www.instagram.com/p/Cm2pjqIJolq/,decorando.comluana\2023-01-01_01-20-34_UTC.jpg,3
2022-12-31 21:01:36-03:00,DecoraÃ§Ã£o Boteco ğŸ»,https://www.instagram.com/p/Cm2ghOXpW3A/,decorando.comluana\2023-01-01_00-01-36_UTC.jpg,3
2022-12-31 20:40:35-03:00,DecoraÃ§Ã£o Neon ğŸ‰,https://www.instagram.com/p/Cm2eHTcpJtN/,decorando.comluana\2022-12-31_23-40-35_UTC.jpg,6
2022-12-31 20:38:10-03:00,DecoraÃ§Ã£o Neon ğŸ‰,https://www.instagram.com/p/Cm2d1sJJfdq/,decorando.comluana\2022-12-31_23-38-10_UTC.jpg,5
2022-12-31 20:36:05-03:00,DecoraÃ§Ã£o Jardim Encantado ğŸ’,https://www.instagram.com/p/Cm2dma-pxcj/,decorando.comluana\2022-12-31_23-36-05_UTC.jpg,3
2022-12-31 20:32:30-03:00,DecoraÃ§Ã£o Cleo&Cuquin,https://www.instagram.com/p/Cm2dMLIpU9-/,decorando.comluana\2022-12-31_23-32-30_UTC.jpg,7
2022-12-31 20:31:22-03:00,DecoraÃ§Ã£o Toy Story âš½ï¸ ğŸš™,https://www.instagram.com/p/Cm2dD42pI91/,decorando.comluana\2022-12-31_23-31-22_UTC.jpg,3
2022-12-31 20:29:04-03:00,DecoraÃ§Ã£o Galinha Pintadinha ğŸ¥,https://www.instagram.com/p/Cm2czAbJ9uY/,decorando.comluana\2022-12-31_23-29-04_UTC.jpg,3
2022-12-31 20:27:26-03:00,DecoraÃ§Ã£o Brinquedos âš½ï¸ğŸ§¸& Formatura ğŸ“,https://www.instagram.com/p/Cm2cnElpkAr/,decorando.comluana\2022-12-31_23-27-26_UTC.jpg,3
2022-12-31 20:22:36-03:00,DecoraÃ§Ã£o Pikachu,https://www.instagram.com/p/Cm2cDr5JCy3/,decorando.comluana\2022-12-31_23-22-36_UTC.jpg,5
2022-11-28 16:27:31-03:00,Reserve sua DecoraÃ§Ã£o completa Atendimento ate dia 23/12 com Retorno do dia 29/12. Kit Pegue&Monte Entregue atÃ© dia 23/12 com DevoluÃ§Ã£o no dia 28/12.,https://www.instagram.com/p/ClhC6-WpKd8/,decorando.comluana\2022-11-28_19-27-31_UTC.jpg,1
2022-11-28 16:05:09-03:00,DecoraÃ§Ã£o Mundo Bita ğŸŒ,https://www.instagram.com/p/ClhAXGJpxTX/,decorando.comluana\2022-11-28_19-05-09_UTC.jpg,7
2022-11-28 16:02:38-03:00,DecoraÃ§Ã£o Pokemon,https://www.instagram.com/p/ClhAEwipbcU/,decorando.comluana\2022-11-28_19-02-38_UTC.jpg,9
2022-11-28 15:58:15-03:00,DecoraÃ§Ã£o Halloween ğŸƒ,https://www.instagram.com/p/Clg_ki6JHcs/,decorando.comluana\2022-11-28_18-58-15_UTC.jpg,4
2022-11-28 15:53:42-03:00,DecoraÃ§Ã£o Harry Potter ğŸ§™â€â™€ï¸,https://www.instagram.com/p/Clg_DTfpvmx/,decorando.comluana\2022-11-28_18-53-42_UTC.jpg,11
2022-11-28 15:51:22-03:00,DecoraÃ§Ã£o BTS â™¡,https://www.instagram.com/p/Clg-yKMJRTS/,decorando.comluana\2022-11-28_18-51-22_UTC.jpg,6
2022-11-28 15:48:50-03:00,DecoraÃ§Ã£o Astronauta ğŸ‘¨ğŸ»â€ğŸš€ğŸš€,https://www.instagram.com/p/Clg-fqCJdbJ/,decorando.comluana\2022-11-28_18-48-50_UTC.jpg,15
2022-11-28 15:45:31-03:00,DecoraÃ§Ã£o Jardim Encantado ğŸ’,https://www.instagram.com/p/Clg-HYYpuqF/,decorando.comluana\2022-11-28_18-45-31_UTC.jpg,24
2022-11-28 15:20:59-03:00,DecoraÃ§Ã£o Safari ğŸ¦ğŸ¯ğŸ¦’ğŸ˜,https://www.instagram.com/p/Clg7Tr9Jf7D/,decorando.comluana\2022-11-28_18-20-59_UTC.jpg,7
2022-11-24 10:14:00-03:00,"Entre em contato conosco para mais informaÃ§Ãµes! 
Obs: Ainda estaremos liberando kits Pegue&Monte atÃ© o dia 23/12. A devoluÃ§Ã£o serÃ¡ na data combinada.",https://www.instagram.com/p/ClWE_vMOh4B/,decorando.comluana\2022-11-24_13-14-00_UTC.jpg,1
2022-11-16 20:37:21-03:00,DecoraÃ§Ã£o Detetive do PrÃ©dio Azul ğŸ‘£ğŸ”,https://www.instagram.com/p/ClCl-WqJrLw/,decorando.comluana\2022-11-16_23-37-21_UTC.jpg,9
2022-11-16 20:35:32-03:00,DecoraÃ§Ã£o Fazendinha ğŸ‘¨â€ğŸŒ¾ğŸ„ğŸ–,https://www.instagram.com/p/ClClw_GperD/,decorando.comluana\2022-11-16_23-35-32_UTC.jpg,4
2022-11-16 20:30:09-03:00,DecoraÃ§Ã£o Hulk ğŸ‘Š,https://www.instagram.com/p/ClClJisJFI_/,decorando.comluana\2022-11-16_23-30-09_UTC.jpg,8
2022-11-16 20:27:23-03:00,DecoraÃ§Ã£o Stranger Things ğŸš´â€â™‚ï¸ğŸš´â€â™€ï¸ğŸš´,https://www.instagram.com/p/ClCk1Wfp-uE/,decorando.comluana\2022-11-16_23-27-23_UTC.jpg,5
2022-11-16 20:22:00-03:00,DecoraÃ§Ã£o Patrulha Canina ğŸ¶,https://www.instagram.com/p/ClCkN5HpgMw/,decorando.comluana\2022-11-16_23-22-00_UTC.jpg,7
2022-11-16 20:20:50-03:00,DecoraÃ§Ã£o Neon ğŸ‰,https://www.instagram.com/p/ClCkFUrJodP/,decorando.comluana\2022-11-16_23-20-50_UTC.jpg,8
2022-11-16 20:18:42-03:00,DecoraÃ§Ã£o Sereia ğŸ§œğŸ»â€â™€ï¸,https://www.instagram.com/p/ClCj1wUJ0Yh/,decorando.comluana\2022-11-16_23-18-42_UTC.jpg,12
2022-11-16 20:15:32-03:00,Casamento & Arco de BalÃµes,https://www.instagram.com/p/ClCjefQJ9jH/,decorando.comluana\2022-11-16_23-15-32_UTC.jpg,15
2022-11-16 20:14:15-03:00,DecoraÃ§Ã£o montada a pedido da mamÃ£e ğŸ™,https://www.instagram.com/p/ClCjVITJX_U/,decorando.comluana\2022-11-16_23-14-15_UTC.jpg,22
2022-11-14 08:00:38-03:00,"HorÃ¡rios de Atendimentoâ°ï¸

Atendimento On-line & Presencial â¬‡ï¸
âœ”ï¸ TerÃ§a-feira Ã¡ Sexta-feira das 9:00 Ã s 18:00
(Pausa para o almoÃ§o) das 11:30 Ã¡s 14:00
âœ”ï¸ SÃ¡bado somente On-line
âœ”ï¸ Domingo e Segunda-feira Fechado
âœ”ï¸ Dias e HorÃ¡rios Intercalados",https://www.instagram.com/p/Ck8FyPHul4v/,decorando.comluana\2022-11-14_11-00-38_UTC.jpg,5
2022-11-13 13:14:36-03:00,Preenchimento de mesa com BalÃµesğŸˆ& LocaÃ§Ã£o de peÃ§as avulsas.,https://www.instagram.com/p/Ck6E62FJwZt/,decorando.comluana\2022-11-13_16-14-36_UTC.jpg,35
2022-11-13 13:12:23-03:00,"DecoraÃ§Ã£o Pesca ğŸ£
Feito com amor para o Sr JosÃ©, nosso 2Â° ano fazendo parte dessa data tÃ£o especial.
FamÃ­lia Dedicadaâ™¥ï¸
GratidÃ£o Ã  Deus!",https://www.instagram.com/p/Ck6EqpTJtnX/,decorando.comluana\2022-11-13_16-12-23_UTC.jpg,16
2022-11-13 13:09:36-03:00,DecoraÃ§Ã£o Adulta,https://www.instagram.com/p/Ck6EWOspuWF/,decorando.comluana\2022-11-13_16-09-36_UTC.jpg,8
2022-11-13 13:08:27-03:00,DecoraÃ§Ã£o AstronautağŸ‘¨ğŸ»â€ğŸš€,https://www.instagram.com/p/Ck6EN0zpj-d/,decorando.comluana\2022-11-13_16-08-27_UTC.jpg,12
2022-11-13 13:06:46-03:00,"DecoraÃ§Ã£o ToyStory âš½ï¸ğŸ§¸ğŸª
Parceria com @buffetlanbele 
Super indicoğŸ˜",https://www.instagram.com/p/Ck6EBdLpaAD/,decorando.comluana\2022-11-13_16-06-46_UTC.jpg,14
2022-11-13 13:04:11-03:00,"DecoraÃ§Ã£o Patrulha Canina ğŸ¶
Esse foi o dia do nosso Querido Lorenzo, a mamÃ£e Bia nos chama para fazer a festinha dele desde as boas vindas dele ao mundo, tÃ£o gratificante ver ele crescendo ğŸ™ uma mamÃ£e dedicada. Muito grata por estar conosco desde sempre â™¥ï¸ Deus abenÃ§oe todas as minhas Queridas Clientes ğŸŒ·",https://www.instagram.com/p/Ck6DumxJJ4w/,decorando.comluana\2022-11-13_16-04-11_UTC.jpg,17
2022-11-13 12:55:16-03:00,DecoraÃ§Ã£o Pintinho Amarelinho ğŸ¥,https://www.instagram.com/p/Ck6CtQuuyAh/,decorando.comluana\2022-11-13_15-55-16_UTC.jpg,16
2022-10-26 09:18:02-03:00,DecoraÃ§Ã£o Baby Shark ğŸ¦ˆ,https://www.instagram.com/p/CkLTicUON2i/,decorando.comluana\2022-10-26_12-18-02_UTC.jpg,9
2022-10-26 09:16:26-03:00,"DecoraÃ§Ã£o Dinossauro ğŸ¦• 
Super tendÃªncia ğŸ¤©",https://www.instagram.com/p/CkLTWyxO8Bt/,decorando.comluana\2022-10-26_12-16-26_UTC.jpg,15
2022-10-26 09:12:32-03:00,"DecoraÃ§Ã£o Sonic
#BuffetLanBele
Super indicoğŸ˜",https://www.instagram.com/p/CkLS6OSuRH8/,decorando.comluana\2022-10-26_12-12-32_UTC.jpg,6
2022-10-21 09:24:34-03:00,Garanta jÃ¡ sua reserva ğŸ¥³,https://www.instagram.com/p/Cj-cT7hOchx/,decorando.comluana\2022-10-21_12-24-34_UTC.jpg,5
2022-10-21 09:23:29-03:00,DecoraÃ§Ã£o Vingadores ğŸ‘Š,https://www.instagram.com/p/Cj-cMDiOd67/,decorando.comluana\2022-10-21_12-23-29_UTC.jpg,4
2022-10-21 09:19:35-03:00,DecoraÃ§Ã£o Alerquina ğŸƒ,https://www.instagram.com/p/Cj-bverOuwn/,decorando.comluana\2022-10-21_12-19-35_UTC.jpg,25
2022-10-19 15:30:20-03:00,DecoraÃ§Ã£o Carrossel âœï¸ğŸ“š,https://www.instagram.com/p/Cj58lMep_3U/,decorando.comluana\2022-10-19_18-30-20_UTC.jpg,7
2022-10-19 14:02:45-03:00,DecoraÃ§Ã£o Jardim EncantadoğŸŒ·,https://www.instagram.com/p/Cj5yjnGphZr/,decorando.comluana\2022-10-19_17-02-45_UTC.jpg,10
2022-10-19 14:00:03-03:00,DecoraÃ§Ã£o Baby Shark ğŸ¦ˆ,https://www.instagram.com/p/Cj5yP5gJEJV/,decorando.comluana\2022-10-19_17-00-03_UTC.jpg,4
2022-10-19 13:57:24-03:00,DecoraÃ§Ã£o PJMaks,https://www.instagram.com/p/Cj5x8bGpGKb/,decorando.comluana\2022-10-19_16-57-24_UTC.jpg,4
2022-10-19 13:43:10-03:00,DecoraÃ§Ã£o Sonic,https://www.instagram.com/p/Cj5wUN6JRGT/,decorando.comluana\2022-10-19_16-43-10_UTC.jpg,2
2022-10-19 10:29:11-03:00,,https://www.instagram.com/p/Cj5aHbKum5i/,decorando.comluana\2022-10-19_13-29-11_UTC.jpg,15
2022-10-19 10:15:59-03:00,"DecoraÃ§Ã£o Safari Baby ğŸ¦ğŸ¯
ChÃ¡ do BebÃª Benjamin ğŸ˜

Trabalhamos com todas as medidas de decoraÃ§Ãµes ğŸ¥°",https://www.instagram.com/p/Cj5YmwbOvsL/,decorando.comluana\2022-10-19_13-15-59_UTC.jpg,6
2022-10-19 10:12:54-03:00,"DecoraÃ§Ã£o Dinossauro ğŸ¦• 
Grande TendÃªncia ğŸ˜",https://www.instagram.com/p/Cj5YQMAOB7u/,decorando.comluana\2022-10-19_13-12-54_UTC.jpg,6
2022-10-19 10:10:26-03:00,DecoraÃ§Ã£o Patati&Patata ğŸª,https://www.instagram.com/p/Cj5X-LMOjEv/,decorando.comluana\2022-10-19_13-10-26_UTC.jpg,7
2022-10-19 10:07:47-03:00,DecoraÃ§Ã£o Kuromi â˜ ï¸,https://www.instagram.com/p/Cj5XqtROKyy/,decorando.comluana\2022-10-19_13-07-47_UTC.jpg,8
2022-10-19 10:03:27-03:00,DecoraÃ§Ã£o Corinthians âš½ï¸,https://www.instagram.com/p/Cj5XLBDuTip/,decorando.comluana\2022-10-19_13-03-27_UTC.jpg,8
2022-10-19 10:02:23-03:00,DecoraÃ§Ã£o Naruto ğŸ¥,https://www.instagram.com/p/Cj5XDI4ukkG/,decorando.comluana\2022-10-19_13-02-23_UTC.jpg,5
2022-10-19 09:59:38-03:00,DecoraÃ§Ã£o Stitch ğŸŒº,https://www.instagram.com/p/Cj5WvEoOVc0/,decorando.comluana\2022-10-19_12-59-38_UTC.jpg,26
2022-10-19 09:57:25-03:00,DecoraÃ§Ã£o Lol ğŸ€,https://www.instagram.com/p/Cj5WezwO4Cy/,decorando.comluana\2022-10-19_12-57-25_UTC.jpg,10
2022-10-19 09:52:08-03:00,DecoraÃ§Ã£o Bolo fofo ğŸ¤—,https://www.instagram.com/p/Cj5V4CyOpeN/,decorando.comluana\2022-10-19_12-52-08_UTC.jpg,15
2022-10-19 09:48:15-03:00,DecoraÃ§Ã£o Homem Aranha ğŸ•¸ğŸ•·,https://www.instagram.com/p/Cj5VbmJu84g/,decorando.comluana\2022-10-19_12-48-15_UTC.jpg,6
2022-09-18 17:13:47-03:00,DecoraÃ§Ã£o Alerquina & CoringağŸƒ,https://www.instagram.com/p/CiqTxwQJh96/,decorando.comluana\2022-09-18_20-13-47_UTC.jpg,15
2022-09-18 16:03:31-03:00,DecoraÃ§Ã£o Bela e a Fera ğŸŒ¹,https://www.instagram.com/p/CiqLvGLpfpK/,decorando.comluana\2022-09-18_19-03-31_UTC.jpg,10
2022-09-18 16:01:38-03:00,DecoraÃ§Ã£o Ariel ğŸ§œğŸ»â€â™€ï¸,https://www.instagram.com/p/CiqLhOypKW3/,decorando.comluana\2022-09-18_19-01-38_UTC.jpg,8
2022-09-18 15:59:08-03:00,DecoraÃ§Ã£o Stitch ğŸŒº,https://www.instagram.com/p/CiqLPAoJ6w1/,decorando.comluana\2022-09-18_18-59-08_UTC.jpg,10
2022-09-18 15:56:13-03:00,DecoraÃ§Ã£o Cinderela ğŸ‘¸ğŸ¼,https://www.instagram.com/p/CiqK5ijpFsW/,decorando.comluana\2022-09-18_18-56-13_UTC.jpg,21
2022-09-18 15:52:53-03:00,DecoraÃ§Ã£o Safari ğŸ¦ğŸ¦“ğŸ¦’ğŸ˜,https://www.instagram.com/p/CiqKhHOJT0c/,decorando.comluana\2022-09-18_18-52-53_UTC.jpg,9
2022-08-31 16:04:19-03:00,"DecoraÃ§Ã£o Jurassic ğŸ¦–
AniversÃ¡rio da GabiğŸ˜",https://www.instagram.com/p/Ch71hG2JfC8/,decorando.comluana\2022-08-31_19-04-19_UTC.jpg,5
2022-08-31 15:55:14-03:00,,https://www.instagram.com/p/Ch70en4gR8l/,decorando.comluana\2022-08-31_18-55-14_UTC.jpg,8
2022-08-31 11:53:57-03:00,DecoraÃ§Ã£o Sereia ğŸ§œâ€â™€ï¸,https://www.instagram.com/p/Ch7Y3d6uddU/,decorando.comluana\2022-08-31_14-53-57_UTC.jpg,11
2022-08-31 11:51:01-03:00,DecoraÃ§Ã£o Masha&Urso ğŸ‘§ğŸ¼ğŸ»ğŸ¯,https://www.instagram.com/p/Ch7Yh-rOV5z/,decorando.comluana\2022-08-31_14-51-01_UTC.jpg,11
2022-08-31 11:49:48-03:00,DecoraÃ§Ã£o EncantoğŸ•¯,https://www.instagram.com/p/Ch7YZC7ONv0/,decorando.comluana\2022-08-31_14-49-48_UTC.jpg,6
2022-08-31 11:48:15-03:00,ChÃ¡ RevelaÃ§Ã£o Flork ğŸ˜,https://www.instagram.com/p/Ch7YNobuA_U/,decorando.comluana\2022-08-31_14-48-15_UTC.jpg,15
2022-08-31 11:36:47-03:00,DecoraÃ§Ã£o Turma do Mickey Baby ğŸ˜,https://www.instagram.com/p/Ch7W5t2uODd/,decorando.comluana\2022-08-31_14-36-47_UTC.jpg,7
2022-08-31 11:24:20-03:00,DecoraÃ§Ã£o Tom&Jerry ğŸ±ğŸ­,https://www.instagram.com/p/Ch7Veh6uZMj/,decorando.comluana\2022-08-31_14-24-20_UTC.jpg,7
2022-08-31 11:19:59-03:00,DecoraÃ§Ã£o Dinossauro ğŸ¦•,https://www.instagram.com/p/Ch7U-qquaZQ/,decorando.comluana\2022-08-31_14-19-59_UTC.jpg,5
2022-08-31 11:18:54-03:00,DecoraÃ§Ã£o Jurassik Park ğŸ¦–,https://www.instagram.com/p/Ch7U2qJOwZ1/,decorando.comluana\2022-08-31_14-18-54_UTC.jpg,7
2022-08-31 11:17:20-03:00,DecoraÃ§Ã£o Homem Aranha ğŸ•·ğŸ•¸,https://www.instagram.com/p/Ch7UrOcOXDb/,decorando.comluana\2022-08-31_14-17-20_UTC.jpg,7
2022-08-31 11:02:52-03:00,DecoraÃ§Ã£o Sonic âœ¨ï¸,https://www.instagram.com/p/Ch7TBOyuaAD/,decorando.comluana\2022-08-31_14-02-52_UTC.jpg,7
2022-08-31 10:58:27-03:00,DecoraÃ§Ã£o SÃ£o Paulo âš½ï¸,https://www.instagram.com/p/Ch7Sg4xOvxs/,decorando.comluana\2022-08-31_13-58-27_UTC.jpg,4
